PersonId,FirstName,LastName,EmailAddress
5585dcd2-c225-4855-9479-35e0c45965ce,Andee,Bohlje,abohlje0@blog.com
8bf2d645-f7d3-4f71-bd18-11e6b96ad2c0,Packston,Elleray,pelleray1@washingtonpost.com
f22049df-8157-47e3-a377-073b3ed0610e,Pammie,Wainer,pwainer2@sina.com.cn
176cb1d8-3a0f-4a7d-9b60-e379ed7485c1,Sidney,Cauthra,scauthra3@technorati.com
7f24a026-2c38-48e6-a7fb-5796df807f20,Lesley,Fanton,lfanton4@geocities.jp
34c0208e-fbd0-406b-854c-f74f5248e775,Sadye,Passingham,spassingham5@skyrock.com
88b169fc-8b5e-4fbc-9f47-153218daf858,Celestina,Rattenberie,crattenberie6@squarespace.com
e2f8e931-082c-4a67-a75d-8ef16cfe3f86,Creight,Jakubowicz,cjakubowicz7@mit.edu
26f5e4f3-98e9-42aa-95bb-abefa7ec058d,Heida,Jonsson,hjonsson8@wp.com
61e9ab66-9dac-419d-8ceb-4b1a580f0299,Kristal,Chawner,kchawner9@bloglines.com
dd036741-4bc8-4934-b61f-c589bb0031a5,Jed,Mardoll,jmardolla@bigcartel.com
4d3a3bcf-918e-424f-b2c7-964c82d64f6e,Waylen,De Normanville,wdenormanvilleb@google.com.au
e24edd9a-ac1f-485a-8e82-10d61b235143,Susette,Coxhell,scoxhellc@omniture.com
6a9dbf91-d23e-4a4a-957a-070afa730271,Marmaduke,Weedall,mweedalld@digg.com
7bd99a11-c5b3-47ba-889d-3514daa325d8,Karen,Broschke,kbroschkee@berkeley.edu
fc1596f0-9f15-456a-a37a-c70c3ec1907f,Marci,Cicchelli,mcicchellif@hud.gov
515068d3-71e1-4dac-87b1-3449158cf5c6,Findley,Dale,fdaleg@amazon.de
ae89e549-0a9c-49f5-8fec-ca393267a2c7,Cthrine,Ferber,cferberh@princeton.edu
c7a6e112-3333-49e6-a9bf-78c89e11124a,Helenka,Creenan,hcreenani@github.com
95e1c83e-f30c-4991-9ed3-141532ca3c18,Larissa,Saunper,lsaunperj@nasa.gov
f172efaf-98b3-425b-a9f9-adde1f29ecc5,Thea,Cowlam,tcowlamk@nhs.uk
9ed4b0f7-2047-46fc-a1d2-d2cb11993823,Madonna,Rupprecht,mrupprechtl@pbs.org
deccc5b7-8814-46d2-9eb5-2b834f531546,Eziechiele,Biernacki,ebiernackim@gizmodo.com
854d8ea4-c2c4-4b90-8b9f-9d23f530c832,Darby,MacKnight,dmacknightn@livejournal.com
e77f9b82-62c4-43e8-9165-a632fd6e9553,Sheilah,Willmot,swillmoto@g.co
7eb3bde6-5b02-4f8b-be45-6096cf8ad4b1,Marlin,Heyball,mheyballp@fda.gov
fe504a55-a351-4a28-8680-7431e0b9d4ec,Thor,Epelett,tepelettq@gmpg.org
f6d8c9f2-1aad-4f84-a684-ee94a0f3751e,Shelagh,Waterdrinker,swaterdrinkerr@altervista.org
48dffcdb-864a-403f-8ecc-b40144561c89,Maye,Laity,mlaitys@upenn.edu
7c474691-fd10-4456-ba62-4ee83f2785f6,Becky,Josipovic,bjosipovict@bbb.org
7ec55233-efbf-4e2d-a4c8-960aae64c6ff,Cobby,Mindenhall,cmindenhallu@baidu.com
b0cf42b2-0062-4ff0-a749-44d2a2c58c0b,Brandy,Murty,bmurtyv@newyorker.com
57627182-05b8-49c2-aafb-d04c3ae752cb,L;urette,Dobie,ldobiew@washingtonpost.com
ad773e36-3932-44aa-a0cb-18034afb3f06,Muhammad,Proudley,mproudleyx@china.com.cn
06a68677-9804-4b0b-88d2-861245aeb275,Loralee,Skitral,lskitraly@ycombinator.com
eaa341ef-bf41-45a1-a040-35bb4ce69ecf,Lucias,Batchelour,lbatchelourz@umich.edu
fc4b67c5-ea3b-4ca1-bdba-e478da4c8d44,Rheta,Liccardo,rliccardo10@umich.edu
1ed4dd49-80cc-490f-a254-99372095f5cb,Ferdie,Gayter,fgayter11@e-recht24.de
ce1c64d2-b54a-4524-ba3b-e74117c7a333,Karole,Kinder,kkinder12@mayoclinic.com
9f3a93f9-c576-4403-910f-25111143fc8c,Ber,Gavaghan,bgavaghan13@chron.com
091152b3-a8a0-4d2e-b9d6-063ece81106e,Ingram,Naisbit,inaisbit14@dailymail.co.uk
95506ba4-9a02-4366-86c9-800d1c7031cc,Valene,Duerden,vduerden15@skype.com
f048595d-030d-4ca3-926b-2411532c7e00,Siward,Hevey,shevey16@forbes.com
5f55f92f-910a-42c7-8995-b102b335d7f1,Aldin,Urlich,aurlich17@ocn.ne.jp
28853f80-e8bb-4335-a50a-f8fb110bf0ec,Gayle,Castree,gcastree18@howstuffworks.com
ba8395fd-66a5-44f2-bd0a-a02d40f18ec3,Rikki,Guerry,rguerry19@shop-pro.jp
0c59e004-2a1d-4bd7-86cd-9392aee6e27a,Jeniffer,Nial,jnial1a@blog.com
34e016c3-9ab4-49cf-81db-2c4bbed3d2bc,Gonzalo,Izakov,gizakov1b@ask.com
52f00857-1080-43b6-b148-5a6b62400b41,Sharyl,Allmond,sallmond1c@elpais.com
bfa94525-4f6b-40a1-ae85-49f6aa2fcedf,Massimiliano,Utton,mutton1d@ovh.net
0c6130fb-4f96-4b8e-8c82-2248daced345,Cindy,Bolle,cbolle1e@comcast.net
b3c27e90-58ee-4926-8e4c-79becf26f71a,Packston,Turl,pturl1f@jigsy.com
ee912e68-9e1c-4824-bfab-68a336db01ff,Jeri,Haster,jhaster1g@cnn.com
fc626f7b-c128-47cc-8b40-2d592a3ea88c,Rickard,Brosini,rbrosini1h@slideshare.net
816b01e9-8f2c-477a-9a57-952fed800606,Neel,Kezourec,nkezourec1i@hostgator.com
66067244-4df6-4e67-a28f-a4c47fc7af24,Lenee,Saberton,lsaberton1j@blog.com
a18b2b53-da02-41cc-8b96-39f4bfea0261,Jone,Arran,jarran1k@auda.org.au
3c5f611f-45fb-4987-8c13-097a4497de8c,Dara,Poytheras,dpoytheras1l@opera.com
4eb76a3b-5645-4629-b68a-dfe27582943b,Justin,Crampin,jcrampin1m@icq.com
dfe740c6-6c0f-4137-a5b6-6d5fd3362652,Olin,Jeacock,ojeacock1n@shinystat.com
5a4670af-9f4d-4db5-b685-5a35bec0cd3a,Sigrid,Vakhrushin,svakhrushin1o@mail.ru
8eb1eaba-84ef-441a-a67a-c9c19f6e3e96,Corette,Cino,ccino1p@gov.uk
96ac0764-71e1-49da-8f1e-27def292fe19,Kailey,Ferrand,kferrand1q@godaddy.com
317e2144-f4bf-40c2-9ee0-7813cec3fbf8,Bendite,Flieger,bflieger1r@patch.com
b644f21d-6330-4413-8387-3338e51ee282,Maureen,Tant,mtant1s@purevolume.com
f50248e8-db79-4573-8f36-0af69f6f59eb,Elberta,Port,eport1t@clickbank.net
180158f2-f276-4ebe-bc00-3e56fdfa9ea1,Chloe,Barrim,cbarrim1u@newyorker.com
f6a8ffec-f958-49e9-9296-c1b26ed9d441,Clerkclaude,Donnan,cdonnan1v@uiuc.edu
913a47e2-50c5-45fd-afe4-7acf6f63bbf3,Niki,Tointon,ntointon1w@webnode.com
99976c69-51d1-4795-a9a0-c8000aefc3a8,Charlot,Linthead,clinthead1x@theatlantic.com
c69209d4-1b1a-4328-b18c-589733481604,Gardy,Carratt,gcarratt1y@globo.com
aa033cda-d718-45b8-bbd9-bcc6d46729c3,Colleen,Kiddy,ckiddy1z@mit.edu
23e1b08f-4f0a-42c3-ac6f-0a8ea4cac468,Tamqrah,Coppledike,tcoppledike20@cisco.com
63008103-f23b-46b3-91e3-011835bb13e8,Clive,Mattea,cmattea21@usda.gov
94e7631d-d5d3-4041-bc92-58bb4129f9cc,Tracie,Keitley,tkeitley22@vkontakte.ru
895d1dda-dc73-4675-8bb2-45eae6c5f266,Sheba,Kenewell,skenewell23@aboutads.info
e247125f-46df-4009-a2b3-d21da13ab7ff,Toiboid,Ardron,tardron24@yellowbook.com
1408c863-7b3c-4380-8d6c-bd5cde0e0df5,Edgar,Strute,estrute25@reference.com
24da084e-03c1-411b-a13a-9c977946ed62,Dela,Kitchaside,dkitchaside26@163.com
f127a6db-99db-472b-a39a-db6a71f86da8,Minnaminnie,Domanski,mdomanski27@google.it
b1f8738f-e260-4090-ad84-12d574d2e5af,Antoine,Scollard,ascollard28@icio.us
4f6519f4-2739-49c7-b606-70c06bf4edf6,Hyman,Bumpass,hbumpass29@godaddy.com
e2879e52-3e3b-43c0-aa5e-5ba5ea1efbd6,Clotilda,Gwinnett,cgwinnett2a@google.ru
92a93f0a-e3fd-4f0c-a271-fa9277cedf1c,Belvia,Darwent,bdarwent2b@ebay.co.uk
446630f2-2142-4241-a555-5f76ea57c4e2,Jerri,Bailes,jbailes2c@prlog.org
088902e8-eb54-41ae-a4f0-3227094f47d4,Bernard,Normant,bnormant2d@gnu.org
aa258b60-d3ab-4738-84a4-2a26e4589536,Pietra,Dunsmore,pdunsmore2e@phpbb.com
d4b98cdb-bf70-4e74-8309-f0ec9251cc19,Gal,Collishaw,gcollishaw2f@netvibes.com
6ff4bfba-8eff-43ee-93cf-8255969a11a9,Humphrey,Genicke,hgenicke2g@shinystat.com
09f5a4ba-cafe-441d-909f-2f9995436d72,Florrie,Murkus,fmurkus2h@booking.com
43625745-24a4-49f9-a0f5-d4e0de1e7468,Marthe,Ackers,mackers2i@miibeian.gov.cn
bbd60937-1b60-4664-9a76-974a377a2420,Tamma,Allebone,tallebone2j@springer.com
1cf97976-8299-4cdd-b8ce-727179bc6c36,Isaiah,Skune,iskune2k@cdc.gov
4f9ec084-8267-4522-8fc6-64ea7e7836af,Laurette,Ianitti,lianitti2l@etsy.com
42b85d46-2ac3-441f-aa0c-a4f504345e20,Herve,Eadie,headie2m@globo.com
d5e09427-160a-40ce-ab92-7f85f48efe08,Rosalia,Frankcombe,rfrankcombe2n@usda.gov
2790d1a2-8a4a-4c16-9c88-94e1694bb94d,Rance,Achurch,rachurch2o@blinklist.com
1d4d3d58-fba3-46e7-aac7-81c8379dd3fa,Izabel,Stansfield,istansfield2p@alexa.com
96cffb8f-5ba1-426a-a7be-d8aeeb798c4a,Isidro,Torrans,itorrans2q@slate.com
5853a592-c523-4956-8795-627e26c071be,Elvera,Edon,eedon2r@nydailynews.com
f7214b67-9902-4096-a192-c86f38840ddf,Sanderson,Affleck,saffleck2s@drupal.org
d80ac808-16ef-4de1-a1d3-0a715dfea3ac,Stephi,Baish,sbaish2t@tiny.cc
6abe8dd8-2be5-46ca-9a96-9eed408c975c,Janene,Kennedy,jkennedy2u@ox.ac.uk
714db3e2-225c-40ca-8adf-2ba3ef457fcc,Augusta,Van Cassel,avancassel2v@senate.gov
75b0f692-27da-462c-a45d-c84668c15d12,Giffard,Bartolini,gbartolini2w@pinterest.com
e8c26a56-c7d2-4971-bd58-fb1833d64c65,Johnathon,Hannabus,jhannabus2x@home.pl
ad7fbd2e-9f4c-4a45-a905-762616d50812,Kirsti,Trever,ktrever2y@narod.ru
02cf7117-074d-42a9-9f69-95e2618834bb,Orton,Blazej,oblazej2z@delicious.com
a51448a7-b0e5-40a7-98c8-f424233b425a,Lucy,Lochrie,llochrie30@sina.com.cn
7c257f60-0574-4795-b69e-fefff0719622,Pincus,Rosenfield,prosenfield31@state.gov
b60ad71e-293c-4f73-9a7d-57ac78aa5091,Basilius,Carrett,bcarrett32@furl.net
59293f3c-d08b-454c-97e0-f7fdfbff598f,Emmet,Etridge,eetridge33@telegraph.co.uk
e2381682-d24c-4843-a0ea-8409214591ab,Bronnie,Gullefant,bgullefant34@cnbc.com
0ff5613e-4571-4cd8-b174-2793ff85014e,Fairlie,Southwood,fsouthwood35@soundcloud.com
74555fa0-c170-4654-aec8-591008a74b28,Fidelio,Bardill,fbardill36@gravatar.com
498a132b-ce98-4048-b75f-f87a4f82298d,Caitrin,Weaver,cweaver37@twitter.com
df761192-0c36-4abf-9620-dae755d1a360,Harris,Amiable,hamiable38@eventbrite.com
25c36d2b-77cb-470b-99f5-db172ce2fdb5,Dame,Walklott,dwalklott39@multiply.com
79a7be9d-0118-42a1-8110-27096cbc694c,Edvard,Jose,ejose3a@tumblr.com
fde96d6d-bc83-4dba-95ad-6d1b1df786d1,Farrell,Marioneau,fmarioneau3b@craigslist.org
38e5e14b-b147-4f71-85da-73b7f3786a7e,Constantina,Watkiss,cwatkiss3c@goodreads.com
842da60a-7f69-495a-bd01-f0234578d016,Erny,Allix,eallix3d@amazon.co.uk
e9d4e228-4db1-459b-838b-eeebac020d3e,Doloritas,Streather,dstreather3e@gizmodo.com
724657d0-c758-4a30-962a-28a7200ba339,Sandro,Carson,scarson3f@ifeng.com
58f40792-47a0-4a4d-b0ce-899e2da9d81f,Rafaelita,Andriessen,randriessen3g@google.fr
9ea3838d-b796-4691-9a48-553f20f23495,Emmaline,Lenox,elenox3h@123-reg.co.uk
a387d013-a0c3-44ca-94da-546f63359953,De witt,Ludwig,dludwig3i@buzzfeed.com
46295cb2-2f94-45ae-bf8a-e087a0e8d13b,Anabelle,Arthurs,aarthurs3j@miitbeian.gov.cn
cb4c5487-1000-4e3a-a1b4-23a8ea5bf587,Afton,Elkin,aelkin3k@hao123.com
8a074173-fc6c-4512-b003-dfb656100f0e,Elwin,Gater,egater3l@shinystat.com
47e5759f-b676-42b3-862b-0b082168521f,Baillie,Braban,bbraban3m@geocities.jp
758a0f68-e51d-412c-9f01-e94ff3514da1,Clari,Elmer,celmer3n@reverbnation.com
17982144-3d1d-4477-b030-ada9fade2d62,Amelina,Wadley,awadley3o@domainmarket.com
dc48cd1c-8f25-46cd-ab28-e9ead4404466,Ibbie,Quakley,iquakley3p@tiny.cc
ce05a85c-3884-45b1-8dcb-3e1bd3749af8,Konstance,Cabena,kcabena3q@time.com
eb8e8f2d-750d-40b3-ba92-6ede942a9d8c,Abbey,Shenley,ashenley3r@census.gov
214fba1c-ab4d-42bc-a8a6-9f7986885568,Onfroi,Ayrs,oayrs3s@netlog.com
a15ce5be-81bc-4dff-b50c-17ea2675f0ca,Aldous,Waiton,awaiton3t@cornell.edu
5851fdca-1cdf-4f98-8cd1-b86d7d3a3139,Jacinthe,Jahndel,jjahndel3u@quantcast.com
761016dd-476e-42e0-8921-2c2172a179ea,Manda,Commander,mcommander3v@tuttocitta.it
e8c355f8-1550-43da-a87f-2861d1d3a119,Fae,Manueli,fmanueli3w@wisc.edu
1f9b06dc-8f95-4ed9-93d2-750af082a29b,Tommie,Tweedy,ttweedy3x@time.com
7396439e-e284-48f5-b99b-9188527329f0,Dewitt,Giacometti,dgiacometti3y@oaic.gov.au
cf8f53a5-1768-4a5f-8216-956df5118741,Louisette,Vaugham,lvaugham3z@creativecommons.org
a25e4aaa-164a-4ef1-b6d1-3b0b54b1e7c4,Ryon,Penhale,rpenhale40@printfriendly.com
08cf94b1-4621-4252-9e7a-02978809a6e7,Malchy,de Villier,mdevillier41@mapy.cz
7acb9433-bbe5-48f4-a5de-641ca0e7dc1a,Orly,Carruthers,ocarruthers42@bravesites.com
0861174d-fed9-4ed4-844c-39c9069b677a,Juline,Pionter,jpionter43@nymag.com
0744f3fb-1705-4050-ab20-14b7c39d3430,Dev,Callendar,dcallendar44@naver.com
fd71477f-18e1-4430-b0a7-c52881a0d226,Gabi,Lamb,glamb45@amazon.com
fffc0037-284c-4563-bc8d-7ee5662719ec,Teresita,De Bruijn,tdebruijn46@nymag.com
c988b681-f728-4f68-ac0c-c9dd03cc06a1,Kahlil,Newitt,knewitt47@baidu.com
0d3f6a23-3e6f-43d4-b8c3-aa39e4789e5d,Janeczka,Pluthero,jpluthero48@themeforest.net
91029b2d-2d8a-4e3c-bbe4-e1289e1b9771,Xylina,Ungaretti,xungaretti49@hc360.com
8db2a6bd-454c-4d2a-9ebf-353fc0955168,Libbey,Elloway,lelloway4a@irs.gov
4ced1a4a-0038-4b6b-a17a-42e5feaa2e3f,Adey,Applewhite,aapplewhite4b@miitbeian.gov.cn
733497a5-aa47-4ec2-b6ef-9d5d6e2d4043,Minetta,Biddlestone,mbiddlestone4c@dedecms.com
5c0eca57-bebb-4005-aaa2-5600029b05c7,Trixi,Merman,tmerman4d@howstuffworks.com
6dbd3581-e19b-4612-805f-0ab5d6df8750,Lavinie,Chicotti,lchicotti4e@theglobeandmail.com
3bcb8944-ea69-4fff-a855-78c031cfeff3,Ronnie,Tearny,rtearny4f@cnet.com
46316f47-ac8c-428f-8b9d-c04898128e43,Berke,Baudino,bbaudino4g@newsvine.com
d24034bd-1639-48a4-a0dc-981d9463343b,Sande,Cicci,scicci4h@reuters.com
8fee7224-88f5-4b84-84f9-87ba545ce7c3,Cinda,Jeffery,cjeffery4i@dropbox.com
c535d10b-abdb-4c78-8642-ba764f2630a7,Sibylla,Cowwell,scowwell4j@businesswire.com
36aa9d20-8702-4de8-abfa-5e021feb095c,Freddie,Seabert,fseabert4k@newyorker.com
e5362298-0a7b-4e20-b729-067452c1fc97,Mathilda,Wethered,mwethered4l@sourceforge.net
d14a4b9a-bc92-4395-a115-7946b1a84ce2,Terrence,Peploe,tpeploe4m@woothemes.com
7c0257b1-fac7-4f60-bda8-ba68519a3406,Murdoch,Airton,mairton4n@de.vu
d373f2dc-e2e0-42dc-abb8-50a80c05d7ce,Andriana,Sonnenschein,asonnenschein4o@marketwatch.com
faaa665a-34a3-4e90-8a1d-b8909546f88d,Bronnie,Ostridge,bostridge4p@toplist.cz
182f68fe-eaec-452d-8f55-e3d0a010aa77,Woodman,Ambrois,wambrois4q@theatlantic.com
8397840a-47d6-4ac1-a3d7-a9a769a98561,Dniren,Brindle,dbrindle4r@vistaprint.com
61f54ffa-c822-4d71-b9c8-aa976dc5aa5a,Winny,Telezhkin,wtelezhkin4s@techcrunch.com
750e8cd1-68ac-4beb-afc8-8bcc91b4a5e7,Briana,Lapree,blapree4t@wikispaces.com
93e6d864-b2c3-4398-8af6-a4bb4831b9d8,Kettie,Holby,kholby4u@wikimedia.org
8d17a183-1dfe-499c-89ac-c505e690164b,Sergeant,Clementel,sclementel4v@stanford.edu
124f3518-93b0-492b-bf05-0e7efa2b3f6b,Felix,Burgne,fburgne4w@geocities.jp
4b15cb45-9882-4416-99f3-5801bded75d4,Nollie,Fawthrop,nfawthrop4x@studiopress.com
6f0da13a-f980-4743-8302-6ca1b033c530,Erhard,Oulner,eoulner4y@engadget.com
7a63e6d7-0120-49eb-9477-c4e7bf3707f8,Broddy,Clinnick,bclinnick4z@bravesites.com
e73d6aa2-21c3-4619-9d9d-5740ca982664,Victoir,Shimmings,vshimmings50@hud.gov
1ef246bb-7ec6-4c53-948a-8121abe65098,Frances,Sayre,fsayre51@yellowbook.com
33e43412-0ecc-4d7b-aeb7-ba4d796d80e9,Kaile,Langley,klangley52@miibeian.gov.cn
37150705-db7e-41d8-97f7-d054d0c17024,Vaclav,Pavlik,vpavlik53@flavors.me
7307c1a1-bfe8-459e-95c2-62c9574af580,Germaine,Gelderd,ggelderd54@deliciousdays.com
b5bf898b-36c7-47f9-a559-0acdf595ec2f,Herbie,Oakton,hoakton55@wikia.com
c4770504-b9b5-456e-ac9d-4c080fc3f1b1,Worth,Livett,wlivett56@xinhuanet.com
3adefb1f-0938-4a4c-a7f4-5778de6a48dd,Dom,Besnard,dbesnard57@samsung.com
647f9a99-1fb6-40bb-9cfb-a8e094602683,Loydie,Tuhy,ltuhy58@tamu.edu
d30043e8-ce41-4afc-ad4e-5cc080fec44d,Agnella,Hundey,ahundey59@goo.ne.jp
e8d6b53d-7ee1-4f01-86dd-debf12bc46d7,Adi,Matz,amatz5a@indiatimes.com
d4a190de-aed8-4d52-89cd-df62f28d475e,Ellsworth,Joynson,ejoynson5b@deviantart.com
111e80a3-87c6-4e02-809c-b8daaef73460,Derk,Knock,dknock5c@unc.edu
d13601b8-3ceb-4f97-938c-8f9c1a1bc5d6,Dehlia,Trewhela,dtrewhela5d@aboutads.info
49fb5047-a101-47b3-8936-c64bac64fed0,Titos,Seivertsen,tseivertsen5e@vinaora.com
6ba7db78-679d-4fab-ab16-628105b73f38,Ulysses,Matussevich,umatussevich5f@gmpg.org
d30bbd57-94bc-4507-be80-4a7741d5c44a,Kath,Waleworke,kwaleworke5g@smugmug.com
8b598695-216f-4a99-94b5-22294880d239,Byrle,Warr,bwarr5h@wired.com
b54b2e1f-7281-4ba0-ab8a-0fb7ee43a138,Jere,Hoovart,jhoovart5i@people.com.cn
60290948-c7d0-4a81-bc1c-58ddb2550f04,Petrina,O'Cahey,pocahey5j@cisco.com
424ae580-9527-4209-9a21-05f2e72e88f1,Elfreda,Lindeboom,elindeboom5k@w3.org
2e9c83ce-466b-4579-882b-7a73b35a0699,Godard,Vedeshkin,gvedeshkin5l@vimeo.com
129391a0-2ebb-45c7-b2b6-4a068435aff7,Shellie,Vasishchev,svasishchev5m@psu.edu
cec4e358-b606-4c3b-b4ed-fa6cbea73c36,Nicholle,Fegan,nfegan5n@gizmodo.com
9c013bb2-48aa-4037-b0fd-6e5e28da4124,Cynthea,Parton,cparton5o@umich.edu
edd4fdf0-d989-4e79-8436-b351e2e10d34,Gaylene,Peirson,gpeirson5p@prlog.org
a55acfee-47ad-4bc1-b1e3-3648a3dd0eab,Pearle,Kick,pkick5q@uol.com.br
f3dddc56-9fe0-49e5-b624-fe2bc52027e2,Mickie,Parkin,mparkin5r@yandex.ru
26af1bd6-91b9-4937-8d13-5e4714f2557f,Grazia,Hanscomb,ghanscomb5s@rambler.ru
d6670cd7-79c1-4b8f-b2a1-bf748bd66b7d,Corissa,Daughtry,cdaughtry5t@4shared.com
fa1b3fa7-b2d3-490b-afa1-5dab484cb9cc,Georgena,Tullett,gtullett5u@wired.com
63d338f2-6e35-4bfe-a549-83d59c9d3b6f,Rosalynd,Catterell,rcatterell5v@baidu.com
384e8896-ec9b-4f4d-beb8-465590e1a0ca,Feodora,Reynold,freynold5w@time.com
709fea6c-2210-41d7-bafb-ad66658751a8,Janith,Loft,jloft5x@tinyurl.com
680e6360-7bc1-421f-97a3-4a04bf1c54b6,Jarrett,Mulhall,jmulhall5y@paginegialle.it
1d9bdbcc-3093-4b8d-835c-6a1b65c0a829,Jackie,Burgise,jburgise5z@chron.com
842af3fd-8c48-49fc-b936-a9da518b7261,Seumas,Chimenti,schimenti60@flavors.me
bd3c3246-e499-4db6-8423-ca87c4466e3e,Madlin,Farrell,mfarrell61@dion.ne.jp
f8090844-097f-40e4-b717-ed219a8ac12f,Bathsheba,Radage,bradage62@delicious.com
0b9ff540-67ea-4c02-8254-1eca55a07deb,Collete,MacGowing,cmacgowing63@acquirethisname.com
9fa8fee4-01e6-438f-8cf5-a2d533a24a31,Johnette,Nannizzi,jnannizzi64@ted.com
28fb8297-24bb-4c8f-a9b9-6a8a174fdc27,Anselma,Pemble,apemble65@booking.com
9af4f049-8a8b-49f0-8057-762347ab0b80,Monti,Gillison,mgillison66@sina.com.cn
1f685943-4438-4fc9-a662-a55f34d6b2ce,Adair,Bardill,abardill67@eventbrite.com
0dbf0905-9bed-4141-b4c3-494c4e4c02ab,Alika,Tschirschky,atschirschky68@oaic.gov.au
69f9f742-af53-43ee-a3a6-2cf423ba5163,Rip,Found,rfound69@geocities.jp
83b2c880-66b9-4ca6-8722-eddf6dd4b93a,Reggie,Chalcraft,rchalcraft6a@blogspot.com
2f80e8c0-c3bf-4b08-add5-90981dd02579,Kennith,Fiske,kfiske6b@dmoz.org
579eabd8-a01b-4c40-987c-9c4aaf0e4dc1,Sonnie,Mulcahy,smulcahy6c@hud.gov
4deee081-709c-4e03-bbf7-ad49c4d68157,Brose,Giovannacci,bgiovannacci6d@etsy.com
b2b08aae-67a3-47fe-889d-ee24f4fd7851,Gage,Billo,gbillo6e@weibo.com
12face2c-717d-4c01-a854-f08e928b38f9,Ricky,Habishaw,rhabishaw6f@tripod.com
f468e23d-31cf-4ab2-a0c0-81133df3e895,Celine,Bolino,cbolino6g@eventbrite.com
8c9fd516-98ac-4665-8eff-0a17d9df81ea,Marsh,Creffeild,mcreffeild6h@time.com
d8bbb6eb-8b56-481b-8139-2710e3f1b576,Bord,Cann,bcann6i@reddit.com
a66f1ca8-0059-4582-9413-1265f18081ac,Floris,Edon,fedon6j@gizmodo.com
90823322-de71-4cfd-ab20-c1e3ae05016e,Maxie,Wilgar,mwilgar6k@baidu.com
7ad2002a-2f02-401d-875c-a40c8d0209f7,Ilario,Papworth,ipapworth6l@github.com
def87f1a-69a6-4000-ad26-4e35b84a8836,Marybelle,Reuble,mreuble6m@sfgate.com
8273cf00-db22-478d-9093-12eae4d56230,Price,McAlroy,pmcalroy6n@taobao.com
af4ac58e-c127-4cde-806d-5882ae5c78b1,Phineas,Turney,pturney6o@webmd.com
32e2ba13-c597-4c79-ab06-f84296e2a969,Dermot,Whitehall,dwhitehall6p@over-blog.com
3c9df83a-f4fd-495f-a1a9-3c4f5ae3edd7,Xerxes,Brayn,xbrayn6q@army.mil
39a76c11-d880-450f-ab66-6b8a599145f1,Adoree,Josiah,ajosiah6r@dell.com
aa72fd65-ffb5-40c1-9c7c-d0d7f5fb420a,Lauralee,Kurton,lkurton6s@loc.gov
b7da464e-51c2-48ce-ab41-6ce0ec5af8fd,Florence,Foxwell,ffoxwell6t@cnn.com
0b4ce7ff-7a97-4601-a6d3-7b38bf941535,Monro,Erswell,merswell6u@lycos.com
55443cbb-ec70-46c9-aa03-d728cb25358f,Robby,Brand,rbrand6v@slideshare.net
5ecbd66f-7942-4db5-a424-31e0fe245d56,Olvan,Kenninghan,okenninghan6w@usa.gov
2a9c0343-1b5d-4cae-8a23-87fd8c266403,Daven,Claydon,dclaydon6x@diigo.com
d46d5426-4d08-420a-a820-528c680e0ee9,Arlina,Veryard,averyard6y@toplist.cz
9230a648-9239-44d0-b1de-7b52ed019893,Stillman,Prydden,sprydden6z@time.com
46d54187-5054-430b-a3d2-d135bd207728,Cordi,Juckes,cjuckes70@hibu.com
529d635e-220d-4efa-a694-34abba0ea09d,Ettore,Dolton,edolton71@acquirethisname.com
57fa7b69-c04d-4d9c-a7ce-dd30f06d8c98,Donal,Izon,dizon72@craigslist.org
a083bd00-85de-4511-8ace-de7ddd2568ec,Sascha,Patershall,spatershall73@spotify.com
18229b6e-629d-4c5b-8fac-3c7b374811d5,Christan,Bluett,cbluett74@elegantthemes.com
2c42f116-30b5-40dc-94bd-ba65d4591465,Elinor,Gallelli,egallelli75@spotify.com
3b4e1d32-3171-4e52-aa16-f16d66a8cee0,Barnabe,Gumbrell,bgumbrell76@cocolog-nifty.com
9cd8ac20-d94f-4f77-9db1-d08342fcd7d5,Jonas,Golly,jgolly77@pcworld.com
da15d0c3-2d7a-47bd-89a5-6370af6a9864,Sheba,Hindsberg,shindsberg78@amazon.co.jp
d9e9fa17-c189-4581-97dc-8beeb26394fa,Renard,Kindall,rkindall79@epa.gov
ed6cca9f-9e97-47ff-a8c2-c5443eab9b45,Lammond,Nijssen,lnijssen7a@acquirethisname.com
7dd150a9-6a44-4aa4-ac89-d396b2b827e5,Shirleen,Leftbridge,sleftbridge7b@imageshack.us
c5909457-1059-48aa-8fd6-6ede0c8dc308,Sidoney,Marflitt,smarflitt7c@narod.ru
a97a31e9-3e1c-49f1-99fc-89cdd2ac8ca3,Anett,Gostridge,agostridge7d@amazon.co.jp
0367f7e2-04b2-4f48-bdea-96bc8480fb48,Deck,Fursland,dfursland7e@imdb.com
734dd857-bba7-4e17-8e09-4b9ebfd56cf7,Rem,Muff,rmuff7f@stanford.edu
92451928-6826-4507-9297-b345a1a57082,Maddy,Ramalhete,mramalhete7g@google.es
68d8ddc7-7e75-46d6-addb-f5183dde603c,Kaitlyn,Whaplington,kwhaplington7h@sitemeter.com
07e11868-ba0c-4bb8-9665-2906d1a2e96c,Haskell,Bracer,hbracer7i@e-recht24.de
ca1d2c38-8b96-428c-a699-ed006d2a1767,Sherlock,Follan,sfollan7j@google.es
704598ea-044e-42cf-ac3e-013fcc5994dc,Fredric,Sabine,fsabine7k@hugedomains.com
2fac9b5d-8b88-42ff-932e-62ca4f0de8c5,Genovera,Rousell,grousell7l@w3.org
48ab04a5-d135-4703-9117-57c0064ebaf9,Rutger,Vere,rvere7m@ed.gov
0fc60311-611f-400e-b491-3a23bfbe1b75,Cosme,Priddie,cpriddie7n@uiuc.edu
c0e53265-6079-4624-87e8-6988595c1e19,Daffie,Pawle,dpawle7o@cpanel.net
04eef1bc-09c2-433e-91b9-e4bd0b23fd2a,Georgeta,Swale,gswale7p@bloglines.com
65c3a2fd-8501-4c1a-9f94-6db5922f346b,Modesty,Daffey,mdaffey7q@google.ca
f2c93914-964a-4d4e-b127-a48085a54f7f,Nisse,Bertl,nbertl7r@nasa.gov
2e58ffbb-e8f0-43c6-80c3-384b8b7b497a,Elle,Arrighi,earrighi7s@dell.com
46fcd8ee-f910-4fbe-ad0d-6950924c7477,Thomasina,Gauntley,tgauntley7t@mlb.com
9ce55490-8952-4bd4-93fc-2c210b606c19,Keenan,Barajas,kbarajas7u@spiegel.de
adfe5796-425e-4bd0-ab29-7a7919adf935,Bobbette,McCullough,bmccullough7v@columbia.edu
de2e1b0d-7419-4226-8a3b-01627fe175e1,Sigismund,Lefley,slefley7w@angelfire.com
1ed7b2f4-ddbf-48c2-a4c6-73053dc96109,Prudence,Wailes,pwailes7x@squidoo.com
e8a048d7-70a2-437a-b951-8516db5834fc,Charmain,Armell,carmell7y@vistaprint.com
643fbf22-cb35-4d46-9ba3-6aaca215d606,Linus,Julyan,ljulyan7z@amazon.de
f211a628-bbf7-421f-b2c2-154a5abe1643,Eustace,Napoleon,enapoleon80@pagesperso-orange.fr
3cd50195-0e70-419b-97c9-40f1b1cd5a6e,Carrissa,Copelli,ccopelli81@yahoo.com
92e97c0e-9bca-4ef4-89d5-01895d81740b,Alina,Baythorp,abaythorp82@flavors.me
f9166631-67b2-43d2-a6ef-f06574c7c4a9,Cyrille,Yedy,cyedy83@umich.edu
ff70e900-49a5-49ef-b35b-f07fb37dc114,Lyman,Wankling,lwankling84@domainmarket.com
93eaad27-9e43-4785-b7dc-53af627d1c4b,Konstance,Wayne,kwayne85@nytimes.com
f418da82-7309-47f7-a944-8d9ac34221a8,Allsun,Croall,acroall86@dyndns.org
a7122f63-b2af-4a39-b7d4-684d87dd1349,Dukie,Hazell,dhazell87@stumbleupon.com
7467acfc-23cc-4ae4-a86a-3b1c4d6b05eb,Garv,Bambrugh,gbambrugh88@woothemes.com
bfc717ed-27ad-4f99-97dd-77f626d7cf17,Rutter,Paulitschke,rpaulitschke89@php.net
4cc390a8-bbf3-4848-a7b3-eb50c62b7460,Berkley,Smeath,bsmeath8a@howstuffworks.com
3a0a57d0-3b9a-4f03-8033-f47da17a2b1d,Blinny,Wardall,bwardall8b@blogger.com
9ef1a0e8-6350-4635-88cb-6b1d2897598d,Gerladina,Cardillo,gcardillo8c@cnn.com
6a682556-ad07-422c-b9c2-b11888d19e81,Aldus,Cokayne,acokayne8d@weather.com
26d699c1-45a7-473b-9c5d-46e7453064f1,Krishnah,Sibbald,ksibbald8e@spotify.com
315f1654-31e3-4580-b6dd-674ca9506c60,Charlot,Doyley,cdoyley8f@jalbum.net
616596ec-104c-4e70-a885-15e2aacc232a,Vanna,Cutchie,vcutchie8g@livejournal.com
87e775b2-aa86-42d7-a678-29487b51feba,Odie,Howatt,ohowatt8h@yelp.com
da8183bd-ef17-402a-a284-cc68582f0f3b,Shepperd,Spenton,sspenton8i@princeton.edu
a6e58c86-bb66-4a23-9f8e-3a3d98694ef1,Mahmud,O' Dornan,modornan8j@time.com
eb5752cc-7584-4d1c-a65d-4f77d6fd02b8,Barnabas,Kennealy,bkennealy8k@ovh.net
fc11e101-f9a0-44bb-90a4-7188cfb6f261,Louise,McLurg,lmclurg8l@hatena.ne.jp
0e721ca5-e600-4c20-af50-4ca215460a00,Uri,Greatland,ugreatland8m@hubpages.com
fce088d3-6d76-4956-bb7d-25e73891dfe3,Eugine,Trundell,etrundell8n@miitbeian.gov.cn
5c96b5b6-a75d-4843-aef2-df7f2cc21045,Berti,Brasner,bbrasner8o@auda.org.au
66981e91-89a5-4dcc-8c18-816737b0f23a,Rebecca,Reynold,rreynold8p@usnews.com
267edaf5-d643-44f0-9cd1-30c6892a5eba,Blane,Salmons,bsalmons8q@alexa.com
ff314901-1395-4cc1-99d4-801c1b6ddf2e,Caralie,Syred,csyred8r@nyu.edu
bee2171d-5512-481a-8a17-0345c279a0e5,Lucine,Learned,llearned8s@techcrunch.com
c2b7e0c7-b46c-4f58-8f79-e1e08aff31c5,Adele,Ferrieroi,aferrieroi8t@disqus.com
2058aa94-c9f8-4fbc-a987-152b7063865c,Cyndi,Hardington,chardington8u@weibo.com
178fe6cb-7115-4e91-bce0-d7694126994c,Charlie,Mannock,cmannock8v@latimes.com
dfdda76f-f334-4a8e-ac98-199929762f6a,Elsworth,Anthill,eanthill8w@artisteer.com
fe76b4df-8353-41dd-b47d-af49fa1fd787,Asher,Coultass,acoultass8x@walmart.com
1ffb0b63-565a-47f7-b43d-a9cef426df41,Toinette,Ingles,tingles8y@bloomberg.com
df60023b-e5b5-4f2c-b9a6-19cf8c14c7f9,Ber,Antoszczyk,bantoszczyk8z@deviantart.com
882c910a-049b-40f7-a05b-1ae086e2bf4d,Blythe,Mew,bmew90@wiley.com
3612bcda-ce02-4da4-9ec9-34496933bfc2,Ronnica,Menci,rmenci91@godaddy.com
82b4d12e-70f0-432e-b6f3-c9bdd8b1ffe9,Emeline,Karleman,ekarleman92@mapy.cz
209ca616-33df-421e-83a1-b79c31b96893,Selle,Sonnenschein,ssonnenschein93@i2i.jp
5ad2b3f1-7577-4fb1-a832-7694e6e6e2b0,Josepha,Plaistowe,jplaistowe94@example.com
467cdcc1-f774-4bde-92d2-7b6dcda82676,Cobby,Russen,crussen95@miitbeian.gov.cn
81ed5a3b-1700-4f90-9ed2-80e785ce9ae6,Kelley,Harpham,kharpham96@naver.com
b026402a-ed8c-40b5-b09c-608b3fcee863,Husein,Waberer,hwaberer97@chronoengine.com
10359e07-4ec6-46d2-99b5-80c664e23bcb,Pattin,Sproat,psproat98@vimeo.com
37bfdb9a-1000-4822-8ff0-d30523706127,Winni,Kleinfeld,wkleinfeld99@discuz.net
7769b16a-6423-4d2a-b274-85d17d67e368,Adorne,Pinkerton,apinkerton9a@webmd.com
873f322a-f1f8-4634-8b40-61548df28ab9,Trudey,Abramovicz,tabramovicz9b@bbc.co.uk
d96528fb-03d5-41fb-b44f-615e42c8aef2,Hally,Kleen,hkleen9c@guardian.co.uk
d06aa645-36e3-4264-8085-fbcdf55c24e9,Jordan,Marian,jmarian9d@jugem.jp
2aed085d-ddfe-4058-8bdf-2e9e79cc8bd7,Biron,McMurray,bmcmurray9e@webnode.com
d0992656-a000-4fd7-910a-1f2ee0d9f282,Audie,Goundry,agoundry9f@miibeian.gov.cn
3f95e95f-0c7c-4698-be7b-a7db5c4aba7d,Else,Matiebe,ematiebe9g@a8.net
3feaaf49-f574-4b42-9b5a-84fadd330b44,Bil,Noulton,bnoulton9h@is.gd
a9e59e1c-4300-4665-95d7-6ba118f6ea3d,Garreth,Greenman,ggreenman9i@disqus.com
711f67fb-e495-410d-9e37-0c13151706cc,Max,Rendbaek,mrendbaek9j@people.com.cn
72f46100-1b61-4a39-aca4-5ab804c278fb,Emma,Frenzel;,efrenzel9k@macromedia.com
31b2df1d-d4e8-42a2-b40b-22b430a3a46a,Clarice,Gillies,cgillies9l@cloudflare.com
0d567d79-48b8-430a-bcaa-923ffeaa9576,Yvonne,Henderson,yhenderson9m@geocities.com
c5a7b4ae-5954-4498-bedd-5f2c4328686e,Waneta,Lavington,wlavington9n@joomla.org
43aace94-92cf-4ac3-a60a-a2ceb41885bd,Rafaelita,Gregoretti,rgregoretti9o@soup.io
d62bab13-55ef-43ff-88fd-b92af1470a95,Meghann,Dodridge,mdodridge9p@naver.com
c50b7779-bb5f-4a1c-a258-c96097685307,Brendin,Capehorn,bcapehorn9q@list-manage.com
289a2bf4-0c14-42d4-a1d7-4dd88f729c43,Jayme,Phizackarley,jphizackarley9r@yellowbook.com
c131afb5-8ff0-41ac-83cb-c2a39e25537e,Kingston,Santo,ksanto9s@wix.com
5c3fe293-ce46-4dc1-b634-22310bbcda76,Sophey,Wormald,swormald9t@columbia.edu
ae52d71c-56a5-4761-b64b-12b519f91e60,Noelle,Batting,nbatting9u@psu.edu
46367aac-c169-4109-b127-fedce5491924,Cammy,Cammell,ccammell9v@rakuten.co.jp
b04679e8-7316-4dc4-bf6f-b2825c37f22a,Erma,Mobbs,emobbs9w@ovh.net
e29c5a50-b9fb-4e14-9ee0-a4cac1be6da5,Nefen,Kennaway,nkennaway9x@archive.org
9790873d-28f2-48d8-ba7a-61c00a3e8959,Phip,Winstone,pwinstone9y@nbcnews.com
69ffb1a5-cd7f-46ce-b9be-0cfe53bb2db4,Winifield,Lascelles,wlascelles9z@wsj.com
574c75cb-5446-43ee-8342-09b779edf1e4,Quinta,Beedon,qbeedona0@360.cn
c10f578d-12ee-4b3b-9140-d94de987a8ec,Alexandrina,Checketts,acheckettsa1@nifty.com
30d6d167-4895-4500-8105-ba4c1d9e08ae,Goldie,Driffill,gdriffilla2@theatlantic.com
92866932-3949-495e-907f-efda414ffa51,Adria,Syseland,asyselanda3@dyndns.org
7396dc4e-daf7-45d6-a445-e656a78fbfa5,Dalton,Elsley,delsleya4@networkadvertising.org
a4c98692-ffef-4b88-9d87-f8f9eaf447da,Luke,de Zamora,ldezamoraa5@ow.ly
ba7eea94-a3d0-41de-ba36-103e51247ccf,Cindelyn,Kidder,ckiddera6@nba.com
efbb3b0f-69a4-4bc3-b95c-f1ecd819e7b5,Winny,Lidgate,wlidgatea7@paginegialle.it
4edd189d-4137-40be-b332-01c22544d1ff,Kristofer,Kentish,kkentisha8@abc.net.au
331f2b96-c439-48f2-8ce9-e36b264d618c,Ginni,Sturror,gsturrora9@usda.gov
d5b351cf-916f-43df-9e92-281b4d45198e,Rosalinda,Le Quesne,rlequesneaa@jimdo.com
8b1acee5-a0ab-47ca-a756-2021d837515c,Jada,Rothera,jrotheraab@technorati.com
08587129-335c-4de1-97d5-5db627fc023a,Augusto,Livezey,alivezeyac@accuweather.com
50994f94-3170-4629-a86c-c08bcbfb3b5c,Sherwynd,Body,sbodyad@wsj.com
035f3033-d771-4cf1-9e39-ab7583d763a7,Garreth,Viste,gvisteae@parallels.com
2ca580b4-029b-4264-bfd1-b9c651f2e277,Naomi,Urrey,nurreyaf@sun.com
041811b7-6a04-4547-a0c7-c897cb359d41,Randolf,Toal,rtoalag@spotify.com
20e11af8-a284-4dce-be7c-fe7b3d550450,Jasper,Gailor,jgailorah@goodreads.com
2131f07f-8300-4a04-ba4a-056b835ae743,Chrysa,Jorck,cjorckai@usatoday.com
6d410947-4154-4262-8ac2-24e91fc573fb,Hali,Collingridge,hcollingridgeaj@amazonaws.com
92e9f73d-ead6-4321-b03d-9f2c52c06442,Raychel,Swinnerton,rswinnertonak@shop-pro.jp
a188adc6-ef94-46c6-bde8-81665d21e8ca,Jorey,Mebius,jmebiusal@meetup.com
39aa4a1f-846f-4621-b420-586311f5c4a9,Emmott,Willment,ewillmentam@freewebs.com
befade19-5c6d-4d69-88ec-630f1eddc235,Valentino,Skittrall,vskittrallan@fda.gov
3fe475a9-f84f-453c-b1b5-dc0d90672f11,Boigie,Frizzell,bfrizzellao@gnu.org
cc0bf554-4775-41a6-9a77-a86acb4e2be2,Ursula,Willett,uwillettap@edublogs.org
99c5960c-d277-4e8a-ac4a-044e31f5551f,Thayne,Spadollini,tspadolliniaq@webmd.com
78e03f17-a746-4638-a21a-7987d0875466,Krystalle,Frissell,kfrissellar@imgur.com
a5b0dbad-9fb9-4bea-9ce8-4a4c4c54697e,Lyndy,Lightbowne,llightbowneas@naver.com
1129197e-2606-464a-bc27-2a920c58dca7,Cecilius,Davies,cdaviesat@blogspot.com
898a2236-99e5-4294-bf1e-cc2a0c82e465,Eldin,Potteridge,epotteridgeau@prlog.org
035c2e62-8bc3-4f86-91e9-998348d4c307,Egbert,Standen,estandenav@amazon.com
eab809a9-dfc8-48d4-9146-08d55caa6dae,Debbi,Adamovicz,dadamoviczaw@google.it
fba0bc8b-a9c6-4a48-b5ed-8085fd83567e,Caresse,Schiesterl,cschiesterlax@weebly.com
74de9bb3-6dfe-4f0b-888c-b45533231253,Doloritas,Strugnell,dstrugnellay@wikispaces.com
be880c2e-7ff8-4027-9057-7d01ed1a40a2,Norma,Guidetti,nguidettiaz@yellowbook.com
ea4d961c-33e5-4bce-89d3-a2cf9512e751,Rhoda,Josland,rjoslandb0@tiny.cc
513d2296-cb28-45e1-83eb-81dabe2d0037,Harley,Milborn,hmilbornb1@walmart.com
2a5bfb1d-a1f3-4c0d-b5ed-81d2ff997bf8,Merrill,Broster,mbrosterb2@google.es
aa710d4d-8466-48b4-ab88-c081684c4a70,Huntlee,Depka,hdepkab3@nymag.com
16116665-cc4f-46f8-9929-100d18610547,Louis,Marcum,lmarcumb4@ihg.com
de1eb806-be60-43a1-b88d-83a126c6bfb3,Belvia,Tungate,btungateb5@ezinearticles.com
38f8fb9f-1dd0-4da9-bb29-72f773cbfdac,Vasily,McDermid,vmcdermidb6@php.net
694fafaf-8ded-42ab-9935-bb94448cca7e,Demott,Pyford,dpyfordb7@github.com
3a6157ae-4f33-4b69-ab20-273ae0b566ee,Shelly,Sach,ssachb8@europa.eu
fbb836cd-3451-4fac-9959-c6fc9dbb4855,Francine,Wynrehame,fwynrehameb9@google.it
1ae571fe-9838-44d0-8b0a-5cad9228bb46,Royce,Rafe,rrafeba@fastcompany.com
c9c154da-5c07-42f8-a542-362246caf478,Vinita,Goseling,vgoselingbb@stumbleupon.com
24833eeb-50c2-48cc-8d23-78361d461635,Loralyn,Hinckesman,lhinckesmanbc@tmall.com
aae88ef9-b249-4079-a2e0-e8c3844f19b6,Tildie,Karolczyk,tkarolczykbd@desdev.cn
fa5686c1-ff30-4044-8d52-b8004f053b21,Lacee,Divina,ldivinabe@sphinn.com
274f69b3-8524-4f1e-be70-49623d50925b,Brittne,Charrett,bcharrettbf@newyorker.com
16ada60f-79c5-4ddb-abe4-9d8e1bec677f,Idalia,Lieb,iliebbg@cnn.com
5772af8b-228b-44a0-bdce-9e8c56bca75f,Dalston,Alennikov,dalennikovbh@homestead.com
68b75545-59ef-454a-acb9-b2e147ed2887,Shelly,Lorriman,slorrimanbi@cbsnews.com
56499ace-7a49-40cf-8aba-d7881ad33ead,Dina,Poznan,dpoznanbj@posterous.com
2527798c-e473-4274-b9b6-18853a7c1c6d,Raphael,Jesty,rjestybk@soundcloud.com
65720896-7ec2-4ce2-b0d5-9df6ed570d78,Pattie,Ceeley,pceeleybl@mail.ru
05e2a32a-7b74-4b91-adc0-3776e653d82c,Johny,Lear,jlearbm@skype.com
d9b7d860-eb41-4b5b-8b32-30e4c59e181c,Rudolf,Stigers,rstigersbn@plala.or.jp
47dc72fc-1c52-488e-b142-8fa544558542,Trina,Finnigan,tfinniganbo@google.ca
5499df80-54ed-4f53-8ede-fe5898773f97,Tansy,Kerins,tkerinsbp@statcounter.com
50133b05-1850-4c4b-b64f-cb433981472e,Phillipp,Zupo,pzupobq@blogger.com
a96180db-2ca4-4ea6-b904-3ba7e621de32,Dyana,Gapper,dgapperbr@msu.edu
a51d9817-7b9d-4cc4-9dab-1a9f476a6831,Margaretha,Stogill,mstogillbs@geocities.com
3b5d5b20-a775-4514-b279-a968e673e2e1,Russell,Klug,rklugbt@paypal.com
2b628dda-3031-4b91-8518-30673147642b,Myrna,Bussel,mbusselbu@twitpic.com
a93587f2-38e3-4b51-8d2f-4a06dc6d8f26,Brant,Jellico,bjellicobv@aol.com
5ee586ea-d410-4bb0-82db-252de40c22f9,Margalit,Kearn,mkearnbw@noaa.gov
e85425d7-4d8e-4c5b-af90-04404d9c94e1,Maddy,Merriott,mmerriottbx@cnbc.com
23c0e303-b36d-4309-ac88-288596d51d12,Karry,Dobbson,kdobbsonby@bing.com
c6d8ffe0-5d2e-423a-87b0-66fb63ce2bbc,Billy,Connochie,bconnochiebz@cnbc.com
57c69f1f-12ad-4ae1-9204-8bc9a74d7d99,Adam,Claypool,aclaypoolc0@fastcompany.com
32064f54-d4fc-4e47-9bc6-848fac4a01c9,Syd,Archambault,sarchambaultc1@myspace.com
56288343-73f5-4fce-873d-d0d51403712c,Harbert,Krysiak,hkrysiakc2@ehow.com
9e42b364-8327-4ce1-a9a5-4f970712da37,Nichole,Suthren,nsuthrenc3@i2i.jp
ebe89382-fb3a-4e06-ba14-a1950b353b15,Anatole,Dillintone,adillintonec4@mapy.cz
327df202-0db3-436b-94e3-e26371807b08,Clarey,Castagneto,ccastagnetoc5@infoseek.co.jp
00bd5367-a6b0-4d0d-980d-903c6d5bac35,Cariotta,Baynes,cbaynesc6@illinois.edu
dca6a759-59d4-4230-8e85-09c9ed2e5519,Kylynn,Stowers,kstowersc7@bing.com
b9dfa82d-adf0-4ca0-8386-1d89bf98f748,Silvana,Heazel,sheazelc8@xinhuanet.com
b8d9bc5b-7adf-4e26-9772-64c9f79769ce,Cari,De Benedictis,cdebenedictisc9@cnbc.com
fbce842e-2787-40a4-827f-df568c7dc7dd,Jacinta,Tuison,jtuisonca@jigsy.com
712f466b-46b1-437f-8ddb-e5600a14bd4a,Nancy,Loughney,nloughneycb@goo.ne.jp
b63a27c4-270b-408f-bea5-d5c30f05771b,Ingeberg,Rains,irainscc@archive.org
bf1fbc45-c30f-4703-8807-dad1b20dee01,Hermon,Dulton,hdultoncd@indiatimes.com
8cd86afc-6d61-4377-a688-ab31788cd813,Doloritas,Shackelton,dshackeltonce@mapquest.com
c7ff3f5c-22f4-4b14-822f-acf5803fbeab,Marya,O'Cosgra,mocosgracf@51.la
1e6b5984-dab2-4a38-8bbc-fde08e7f750c,Randolph,Hollows,rhollowscg@about.me
2dc552eb-a4b2-4188-ad1e-f0483c92c6ec,Carrol,Williscroft,cwilliscroftch@linkedin.com
c74bf1bf-6a76-417d-a904-6e5e072161ef,Dalt,Gibby,dgibbyci@artisteer.com
413839c9-53a8-4d66-bdd2-fd10b7d8078e,Jennifer,Aslie,jasliecj@toplist.cz
7e218c2f-e7c2-4eff-8237-49eadd5ba939,Haywood,Giraudot,hgiraudotck@dedecms.com
3f16bb2a-d767-4a84-9782-ecf1f6be9f70,Weylin,Schreiner,wschreinercl@columbia.edu
4a6fd627-b2bd-4904-b6e7-6a1824b4b30a,Wye,Duker,wdukercm@moonfruit.com
8c7f8ac6-8806-4bfe-87d0-2b847ee8dec6,Sherlocke,Harmstone,sharmstonecn@sphinn.com
74f84a5d-6898-4867-9891-9b1276b59bd3,Janetta,Marrion,jmarrionco@slideshare.net
0db10a8a-d9d4-4c61-84ba-d3e34445e9a8,Gerald,Krikorian,gkrikoriancp@senate.gov
72ea815e-4d18-47a2-a139-183f11651d97,Dion,Willars,dwillarscq@pcworld.com
bfa079e7-1c84-468d-9736-157b4200b7f4,Tarra,Frowde,tfrowdecr@go.com
efa4ee09-3370-4f17-9045-6118c441bb17,Toby,Brighouse,tbrighousecs@bloglovin.com
98cc4e1d-d304-4cb5-aea3-722824c69585,Dwain,Relph,drelphct@istockphoto.com
ebec4763-9809-4d49-83dc-da00c36fb861,Mariska,Paul,mpaulcu@home.pl
be4eac83-6704-440d-a3fd-656d490396e1,Ellissa,MacCrann,emaccranncv@joomla.org
c1849df8-6b63-40e1-86d7-1cdfe7d7c6ac,Koral,Fills,kfillscw@ameblo.jp
112645f2-3bc0-448d-82ef-5402b6e3b329,Abbey,Skarin,askarincx@cbc.ca
7a2b5691-8f2e-4d33-bb51-119ebb929ee8,Horst,Pottery,hpotterycy@amazon.de
b016d78d-a403-41a8-b28c-9cda9cd861d8,Zahara,Sukbhans,zsukbhanscz@trellian.com
0d81eb31-c4c0-4d43-bd23-5c5389e81a74,Frazer,Ortes,fortesd0@joomla.org
260aa7d2-bd8c-4a69-84cb-0f72a85803e2,Alvera,Extal,aextald1@bigcartel.com
42b89366-48d2-4c9b-8c46-33f37be9e7bf,Fletch,Cutill,fcutilld2@ft.com
78025a3b-a0a3-4411-b284-668a5d64767b,Wandis,McPeake,wmcpeaked3@upenn.edu
57d8ffa4-f7b7-4fce-92c3-73aca42e4032,Spense,Lenz,slenzd4@squidoo.com
e062711f-7f09-4801-b848-cf26f0c821cf,Giavani,D'Aeth,gdaethd5@ucsd.edu
c44072bb-3a98-4366-b619-c0c87c98c877,Deedee,Leftwich,dleftwichd6@cbslocal.com
14372fc9-0bb8-4745-b2ef-cd9ced702088,Tiffani,Matteucci,tmatteuccid7@marriott.com
b39efa32-ec36-4e7e-b5d0-7ca4b7c54021,Ermentrude,Bog,ebogd8@cafepress.com
1691d5bc-8087-42a9-9bf9-11e736c2a413,Allys,Fedoronko,afedoronkod9@squarespace.com
0a21dd04-f317-4bfb-992b-9d0bd6a0e944,Meier,Patroni,mpatronida@so-net.ne.jp
eeba0579-6381-4cd4-bccc-8eec56ca6bb5,Inez,Abade,iabadedb@shinystat.com
cca3941e-7cf2-4eec-9590-2975b22cb664,Corine,Lilly,clillydc@123-reg.co.uk
9ecfeb2a-409c-4a7a-9999-c1b90fa28958,Cher,Dive,cdivedd@gov.uk
4624b30f-2217-4c18-974d-ad747021ec31,Florella,Klagge,fklaggede@va.gov
07eea46c-3050-4671-84ec-c3ac87d96e11,Shayne,Flinn,sflinndf@rakuten.co.jp
fbfcea77-d626-48c9-b2ab-a465a2dd7c1d,Webb,Antcliffe,wantcliffedg@so-net.ne.jp
07b468e3-067e-4eef-a705-e353cd5b8310,Sydney,Sinton,ssintondh@macromedia.com
abaf5dc9-31a4-40c2-b280-a4cbb4ed961b,Rubina,Rheaume,rrheaumedi@discuz.net
e59e5efe-c090-41b3-b066-8c1b62bf7777,Hamlen,Sprague,hspraguedj@e-recht24.de
6ea2ec74-052b-4f6f-ac35-a771f727be9b,Harmonia,Dunk,hdunkdk@bluehost.com
98e6a356-615e-4c47-941e-c2000ae46496,Maure,Meininking,mmeininkingdl@amazon.co.jp
1bb478c4-2bca-4fd4-a7c3-a73d5a28171d,Merry,Younghusband,myounghusbanddm@auda.org.au
00026164-49b3-4e5f-86d6-4117733a8a73,Lamar,Kacheller,lkachellerdn@bizjournals.com
9347d8f2-856a-4d15-8232-1822a1dca430,Romy,Meagher,rmeagherdo@yahoo.co.jp
9b41a125-e7d2-44c9-9c65-5215a875bfd2,Mallory,Sankey,msankeydp@taobao.com
51b4f05c-0f83-4126-bc42-363c7b887417,Tory,Dakin,tdakindq@blogtalkradio.com
0993313b-1b90-4f53-a373-d7b0018b3310,Melisandra,Musterd,mmusterddr@sogou.com
81d9df58-d833-4429-8edf-10181b4d23e7,Violette,Hagerty,vhagertyds@godaddy.com
2277e247-627c-44e4-8b0c-0e1005ed040e,Gaylene,Kleisel,gkleiseldt@ifeng.com
32104f1a-c161-4429-be1f-9a2433dcfd02,Tiffani,McAuley,tmcauleydu@army.mil
43cf223d-5558-41e6-9b86-7fceadd99a31,Fabian,Notman,fnotmandv@comsenz.com
db6ce369-4716-4d54-90a5-3dffc5519f2c,Camella,Ackers,cackersdw@mozilla.com
137b1b02-3638-45ad-9bc2-c8c0e24a347e,Roley,Ingilson,ringilsondx@sun.com
2aa9ab0d-1d1c-437f-8ed2-d0fce363588a,Nonie,Siaspinski,nsiaspinskidy@tinypic.com
739a5e10-3705-476e-9455-f4e9b7a9f6fa,Harris,Bowyer,hbowyerdz@state.tx.us
948897aa-ca86-4c9a-90c9-3802889a03f8,Leena,Filler,lfillere0@nifty.com
7b28e4c0-4e1a-41aa-821b-69c75b61a973,Nannette,Brendeke,nbrendekee1@hostgator.com
11f82301-a61b-4ae8-b13f-d3da17460c38,Binky,Rorke,brorkee2@addthis.com
787f185e-f415-4ae3-9e63-0371565550be,Camilla,Caret,ccarete3@yale.edu
dbd809b9-838f-40dd-8c52-98d30b5a4fe5,Christal,Hauxby,chauxbye4@ameblo.jp
2f57952b-5f5c-4a0c-aaef-b9cc65749405,Branden,Ryhorovich,bryhoroviche5@ed.gov
34226751-95cb-4687-a927-798179dd0a6c,Corbett,Hradsky,chradskye6@flavors.me
1457f3d3-78a3-4582-afe5-d893725367e1,West,Tanfield,wtanfielde7@npr.org
f9061f19-3b00-470a-83df-8380bd86d4b7,Jocelyne,Leishman,jleishmane8@alexa.com
98407ae1-859d-4180-b263-78a0a8fb0073,Wallache,Gravells,wgravellse9@sakura.ne.jp
ba3249a6-1023-4718-9982-34e2c7ed9dbf,Bridgette,Leynagh,bleynaghea@auda.org.au
66b4c7b1-0ea7-4fdf-9250-a067daf296d4,Ruggiero,Rhoades,rrhoadeseb@addthis.com
681069a7-0529-43aa-88e0-dbc0d123367c,Michell,Pelchat,mpelchatec@rediff.com
2513a469-8c3b-47c5-95c2-9b6c7fe91ce0,Averyl,Siely,asielyed@flickr.com
270492f6-9d08-4ce3-a782-83a0e5710957,Lisa,Orchart,lorchartee@reuters.com
f753f2f8-2032-40b8-889c-196d65ac273a,Manuel,Merman,mmermanef@europa.eu
04482d12-c76d-4280-a1ad-b4cbea1ed599,Babbette,Lippini,blippinieg@shop-pro.jp
018105ae-1130-4a54-9aa7-a1fa6e935e74,Constanta,Kellie,ckellieeh@blogspot.com
b5107a9d-eb08-4a80-8cd0-974257c0ad6e,Jeannie,Cristoforo,jcristoforoei@rambler.ru
d9a40c2b-16eb-447b-a618-b54f0c274175,Johnath,O'Heneghan,joheneghanej@howstuffworks.com
94b1d3e0-4018-4570-8e52-e80102ffefea,Margarete,Guile,mguileek@4shared.com
d0f0cf1a-a7e6-4cc3-bde0-f09f3059132f,Care,Rugg,cruggel@gmpg.org
a44372b5-7ada-4caf-8a7a-98beea4a6292,Rebekkah,Beller,rbellerem@dedecms.com
d5fe2b31-dbe8-4bea-9936-e2f8bed97197,Eleanore,Linsley,elinsleyen@netlog.com
e3b771a1-5d02-481f-a70b-7b771fb051ff,Frederique,St Ange,fstangeeo@biblegateway.com
3b31772f-eb9b-4f0b-8ca7-c16c95aa6413,Frederique,Mompesson,fmompessonep@lycos.com
7d9de7df-1410-4de2-941e-6cb320db0a43,Collin,Milland,cmillandeq@naver.com
1ff5f524-5a35-4d52-b7cd-7feb40ef5c57,Joyan,Maciejewski,jmaciejewskier@wsj.com
374c0b47-90e3-4f67-b3c5-5adf31a9778a,Alejandro,Davers,adaverses@dailymail.co.uk
8f8b655e-0e30-4412-a6ba-c1d1f5a3e44d,Grata,Shevlin,gshevlinet@imdb.com
9f18e029-a190-4043-b72f-02bce8a4854b,Garwin,Ganniclifft,ggannicliffteu@ow.ly
c4507a0b-3c07-4236-b81d-c68a62bbffac,Sergent,Chinn,schinnev@purevolume.com
3772d61e-4cb8-4cfa-aecb-5bfab040f98a,Maryanne,Kenworthey,mkenwortheyew@hubpages.com
03bea51b-9fa7-45ef-ba26-ce86d4f3df20,Arney,Finicj,afinicjex@aboutads.info
71cad611-8556-489c-8608-ce0b2b7c81e5,Maribel,Winkell,mwinkelley@cmu.edu
309a01a4-2054-4c7f-aad8-a3c2a79c0087,Wilden,Inger,wingerez@webmd.com
bdc0b6ec-2756-4ccc-ba14-5e7e699527dc,Wandis,Furminger,wfurmingerf0@qq.com
cef67518-ff45-47d2-ac9c-ba861a989e1d,Jasper,McGettigan,jmcgettiganf1@icio.us
158b4522-de5b-43ae-88d5-d34b8ae2153f,Meryl,Alliberton,mallibertonf2@toplist.cz
b505a91e-b47e-4220-b2fe-368cbcd1bfd9,Brian,Oliver-Paull,boliverpaullf3@topsy.com
43acacb9-c07d-45ee-a03d-82f37ccb0cc2,Rufus,Course,rcoursef4@mac.com
970f56fb-5e27-45fa-994e-a1c5ac5df32f,Lee,Klessmann,lklessmannf5@arstechnica.com
098b339c-4e49-4f39-8ab2-d16f33f84673,Daffi,Chesson,dchessonf6@google.ru
f5657d3c-f479-42e2-819a-5642ff280424,Jada,Hugett,jhugettf7@bloomberg.com
4610e7bf-20e8-412a-b7ed-185be8ee44f7,Berky,Lummis,blummisf8@amazon.de
3d983aec-7300-4fba-bb1c-09db30d66c71,Chloris,Sheerman,csheermanf9@4shared.com
789ca2cb-f3ca-4b2b-852e-f671384f4b0b,Kaylee,Causnett,kcausnettfa@soundcloud.com
624e20d0-8e71-45e2-9b6d-afecf559c7dd,Reena,Wehden,rwehdenfb@oakley.com
92a4e1b3-46f4-4aa9-8fcf-5178d26f7310,Karry,Shevlane,kshevlanefc@wordpress.org
d0691c8a-15b6-4890-908a-f7fc3acf2927,Shelden,Prettejohns,sprettejohnsfd@bloomberg.com
46cebf66-b832-40a3-a8ff-378b0bdf95f7,Leigh,Iglesia,liglesiafe@berkeley.edu
3fe358ca-468c-4ecc-a990-745229447356,Stephie,Spridgeon,sspridgeonff@so-net.ne.jp
e1ecd448-9b3f-4915-9b3d-27cf30563a8e,Vita,Fairnington,vfairningtonfg@i2i.jp
aeb315ff-1387-47c1-aa58-fba0c179673c,Oralie,Girdler,ogirdlerfh@cbc.ca
1b8421ef-3edc-4319-9583-df5f78650e6d,Mohandas,Richens,mrichensfi@thetimes.co.uk
cfd0067b-8a4c-4af5-a78f-2f87af3a1d87,Miranda,Hames,mhamesfj@smugmug.com
2200cb74-0ced-4759-b0a2-e882f7258ed2,Derk,Sandilands,dsandilandsfk@admin.ch
60edea99-ca51-456f-a2ef-276a6f74ac51,Irena,Olding,ioldingfl@wp.com
36255a3f-7872-4108-88c5-76f4d30e93f0,Dasie,Threadgould,dthreadgouldfm@gnu.org
b2760861-54a4-450a-afa2-630f0ae1a58f,Desiree,Hoggetts,dhoggettsfn@hatena.ne.jp
61737629-4572-4db9-8bcb-391cbbfe82cf,Arvy,Stirland,astirlandfo@over-blog.com
0cec783a-4909-444e-bf6c-a288bc33efb3,Netta,Gravie,ngraviefp@sakura.ne.jp
b4399682-aba2-4739-b7e4-fe5e3b38844e,Stacey,Glendza,sglendzafq@blogspot.com
4175ee37-78f6-44ae-a035-58900e67ca1c,Ginelle,Guitt,gguittfr@patch.com
a209e045-7316-4413-ab83-4fe10138f56c,Sallyann,Vettore,svettorefs@seattletimes.com
9404a7ac-75eb-4b84-a6e4-66948002dc8e,Trip,Maddox,tmaddoxft@networksolutions.com
58cb890f-a1e0-4a58-8eec-0b0b362bf03b,Clerc,Wittrington,cwittringtonfu@technorati.com
491769f3-9dce-4ff3-b840-21757675d004,Lucho,Wollrauch,lwollrauchfv@google.de
2497af52-1bc8-4311-8542-9ef7c4149f0a,Charley,Ghio,cghiofw@taobao.com
bb4a1b5c-52d8-45a2-b496-81c72595d653,Lon,Shead,lsheadfx@1und1.de
1df01b3c-4721-44d0-843a-4ce475c27c81,Ritchie,Ruslen,rruslenfy@blog.com
47aa88b0-ed1e-4ff1-bea8-b7224948be05,Tamra,Emnoney,temnoneyfz@merriam-webster.com
42767512-b96e-4578-950e-5cb81d40ddce,Hamid,Kemster,hkemsterg0@shinystat.com
819fe0d3-ebff-4f18-a7b9-78125839df66,Crysta,Puddin,cpudding1@google.pl
0e95f0e1-347f-4838-a70e-fbf39ce927bd,Emmett,Pennigar,epennigarg2@cocolog-nifty.com
bff08dc8-6634-4f15-b6ea-267b1ed34fb5,Ursala,Scogings,uscogingsg3@altervista.org
79956c21-11b8-44c6-91bc-279c15e8b5ae,Hildegaard,Attac,hattacg4@wsj.com
5799d9fb-084d-4d92-8da2-142763cc49f5,Carline,Persich,cpersichg5@jiathis.com
2c591588-71bf-4ed4-a559-c901e720ad3e,Irwin,Ivermee,iivermeeg6@vk.com
e1775a63-9e27-4c30-931f-7da39f780322,Ryley,Ibbetson,ribbetsong7@istockphoto.com
7d50eb9c-f7ac-4141-a16f-02b64364a15a,Brockie,Lupson,blupsong8@altervista.org
14a098f2-2ee7-4071-b06e-865419e6b802,Montague,Abramovicz,mabramoviczg9@xing.com
1b631827-1539-4abc-bbc6-042913fd4843,Kirbee,Tasker,ktaskerga@surveymonkey.com
790a7b33-a303-495c-9b29-2ebdc86bd0b5,Tobie,Shearn,tshearngb@fda.gov
f46f2288-fe10-4a95-a490-2c853a197a1a,Daffi,Olivier,doliviergc@tmall.com
f7167257-c008-4097-b2bc-664691c65a72,Myriam,Chater,mchatergd@smugmug.com
bef2fa16-bd58-480a-b58d-097f68500d53,Bennie,McErlaine,bmcerlainege@sciencedaily.com
dcb99dde-45be-427b-8fd8-e4ec549d2b37,Philippa,Arends,parendsgf@illinois.edu
c09322c7-56b7-4488-b7cd-97540f6345fd,Lacey,Doogood,ldoogoodgg@tuttocitta.it
19bb48f3-e0a9-4251-87b9-9eab073b341d,Stephenie,Haukey,shaukeygh@hao123.com
c347458c-7476-45bc-b2eb-b9d5b2325a5a,Adelheid,Deem,adeemgi@newsvine.com
cfb0f575-d1fd-49dc-a2fb-69f7843f72e7,Cristin,Whyke,cwhykegj@sphinn.com
da0c2fba-57b2-4069-af79-4d4a7caa74c9,Pryce,Hewson,phewsongk@paginegialle.it
c8859a7f-196c-4e4b-95d2-557446745c07,Honey,Gillings,hgillingsgl@miitbeian.gov.cn
ea9a3aea-9bdd-4c7b-b3b2-4b5bf27dd530,Foss,Scrivner,fscrivnergm@kickstarter.com
1f8b62f0-2d87-4723-8c9b-cefe22215c75,Rayshell,Oxenden,roxendengn@cafepress.com
229c53b8-e1ea-4785-b102-3696d4d62674,Courtney,St. Pierre,cstpierrego@comsenz.com
db54aad0-0a86-4cd9-99a2-3e03f342e80d,Gardener,Stevani,gstevanigp@jigsy.com
10b08575-082e-4e65-a4ac-ab5e45f00dff,Lydie,Swansbury,lswansburygq@thetimes.co.uk
3eda267f-0640-4651-b254-3f321567edd8,Gian,Newlyn,gnewlyngr@hc360.com
2080e2de-2c44-44c0-9aca-0169dd4f5cbd,Randall,Watsam,rwatsamgs@netscape.com
4c9a1ef4-b6a7-4772-ada8-acab9f650b76,Orelia,Gymblett,ogymblettgt@nba.com
cc1bf044-6dc5-4305-9f56-ce6bcc681001,Concettina,Cowser,ccowsergu@blogs.com
eadf3291-80ec-49b9-a87a-6ee7ea84bac8,Marna,Fuente,mfuentegv@tumblr.com
7668d47b-3457-45d7-b378-a485bd286250,Roseann,Basketter,rbaskettergw@hud.gov
41248d5b-c752-4e3c-a0a8-5c85c0d1822c,Ulick,Oganesian,uoganesiangx@google.fr
f796023a-6102-4b1a-9ce2-49bb10890dc7,Hailey,Romaint,hromaintgy@ox.ac.uk
f5726ec8-44cf-4799-8726-34dfc1d3ec56,Sari,Pendleton,spendletongz@symantec.com
35af2d0b-4175-4884-9cf6-e3d01563e967,Christabella,McIlvenny,cmcilvennyh0@microsoft.com
439cb228-fd28-4f57-9561-263d38cb6254,Kalina,Drohane,kdrohaneh1@columbia.edu
7234000a-5fbf-404b-8b43-705884360894,Rae,Bergeon,rbergeonh2@sourceforge.net
a61d2b05-31d5-437d-b6a4-6ae7ce1e39f0,Chan,Barnhart,cbarnharth3@fc2.com
447ab866-afe7-4c49-9f7d-e65b025b389e,Menard,Sucre,msucreh4@indiegogo.com
15053d2e-45b4-4398-ac2a-f9226e076979,Ad,Charnley,acharnleyh5@phoca.cz
c5019f59-0fed-47b2-8d0d-c8af24421c6e,Kimmy,Gummie,kgummieh6@aboutads.info
a5e186c0-23b1-4441-ad78-92ef49719ad0,Edee,Kleisle,ekleisleh7@home.pl
63f9b429-9af5-4448-9f85-70a37dd53be1,Caron,Clyburn,cclyburnh8@loc.gov
99210abd-fab0-4ebd-9e09-3d890953bf96,Benny,Clewett,bclewetth9@census.gov
343147df-a1e2-4bed-aeb7-487f4d833783,Leann,Jankiewicz,ljankiewiczha@thetimes.co.uk
0bb22924-c96d-43ac-be61-b6a9f4c18835,Kat,Boyson,kboysonhb@ibm.com
d93c4cde-26f6-4d68-9d39-972c716057ce,Adolphe,Crusham,acrushamhc@yandex.ru
f8c371c9-5b0a-40ba-9c61-dc524b92541d,Hedvige,Spalding,hspaldinghd@flavors.me
28c0222b-509b-4c5f-8384-2032bda22a84,Rickie,Sigg,rsigghe@vistaprint.com
8ffda231-3b6b-4f01-9144-7f83657d70a3,Yasmeen,Eliet,yeliethf@census.gov
63b05575-2394-46a6-b162-cf507c8ee6a7,Waylon,Rose,wrosehg@buzzfeed.com
f894636b-d513-41ed-bff3-a63bdf74b544,Lucien,Teck,lteckhh@alexa.com
dc907c34-49b4-4c2f-a017-a41dad5df309,Obadias,Durgan,odurganhi@spiegel.de
97392694-6617-4bc8-9924-8a07f5311287,Fancy,Durie,fduriehj@accuweather.com
7ede29bb-0a03-4544-8c8d-22e507043f32,Garth,Antonio,gantoniohk@wunderground.com
91af6667-3b8e-40ea-9cb2-e29edd964d6d,Muffin,Denkel,mdenkelhl@mit.edu
225d2ddd-e204-4c23-a487-d1a81a7faf34,Anstice,Tellenbroker,atellenbrokerhm@creativecommons.org
6c1d6f35-3827-46ff-a1ce-738185ec4e00,Kenn,Lesper,klesperhn@walmart.com
a0758397-fb09-4b6f-9daa-713f9b10e170,Bentlee,Skuse,bskuseho@gizmodo.com
537e0d78-ad17-4cb8-a793-bbdb195c8eed,Anet,Pitman,apitmanhp@mtv.com
2c558b0c-233e-4acb-9786-4b0702e1cb1c,Fianna,Iacofo,fiacofohq@hhs.gov
515a6e62-e37d-4862-96b9-3b88821ff30d,Pierrette,Kingsnoad,pkingsnoadhr@constantcontact.com
c382b88c-dc74-4020-9cf9-756bcfe24fe2,Obed,Windmill,owindmillhs@microsoft.com
39e32f46-bb90-4c89-aa8b-d08090f7e12b,Greer,Benzies,gbenziesht@aol.com
d28813fd-d955-4429-97b1-e358d699c666,Lavina,Rapo,lrapohu@ucsd.edu
1fe39b07-e759-449b-ba21-5a7d991f620f,Concordia,Corsar,ccorsarhv@usgs.gov
34cd381e-3def-4319-97cc-10305a172afe,Adelle,Liquorish,aliquorishhw@harvard.edu
1b8ac4e5-8feb-4418-a747-f0bb2d6c2ebf,Paolina,Kobera,pkoberahx@addtoany.com
b0ec392d-2cbe-4634-b966-5c1046d3fca6,Piper,Sweetland,psweetlandhy@nydailynews.com
b6b321e0-313b-4a45-b212-45a60b8eb8b1,Elke,Langland,elanglandhz@ed.gov
dc684835-ee21-4aca-b375-7b2d350937d8,Buckie,Green,bgreeni0@kickstarter.com
5e0bf066-9f73-4a61-8752-f69e7420dc84,Yolanthe,De Cleen,ydecleeni1@indiatimes.com
f1a552b6-81bc-472d-bd21-5ecc9e1e1a1b,Laurent,Peperell,lpeperelli2@goodreads.com
14e170c4-33c9-4895-b517-2dd339fae6b1,Padraic,MacAree,pmacareei3@prnewswire.com
469b1eb2-8736-4b8c-b32e-3c6026b8ec75,Hettie,Nangle,hnanglei4@ifeng.com
7210ac71-6367-4da0-b378-9d2df8ac41c9,Cilka,Eul,ceuli5@vimeo.com
fc6320cd-ea04-49b8-a517-3a5225c4ad05,Cassondra,Preon,cpreoni6@apple.com
ea67722f-6037-4564-bd3c-a5ce7e89cd0e,Alexis,Bru,abrui7@1688.com
cca3c8c1-2846-42a5-ad0d-65ebf2a31625,Spence,Boultwood,sboultwoodi8@elpais.com
5ac8ee42-f880-4fd4-a106-5231aa82d13a,Rice,Faveryear,rfaveryeari9@studiopress.com
af7616af-1153-4333-82f4-e850227c1541,Reagan,Pulbrook,rpulbrookia@ftc.gov
c052fc8b-60ea-4c85-8dd0-e96f8850d19f,Rafferty,Jarrell,rjarrellib@bbc.co.uk
4786dc04-5010-48be-87d1-2fc2e09da50c,Patti,Vicioso,pviciosoic@a8.net
da3f5d1f-254d-4ffd-a72b-ea6d0250ffd5,Kimmy,Iannuzzi,kiannuzziid@wp.com
e9fc3063-39a7-4176-8657-a4f2b6ca836e,Waneta,Swindles,wswindlesie@booking.com
d63d61b2-f9d9-4650-baee-fa24c3159d85,Tris,Pegram,tpegramif@github.io
80400b92-598e-406a-ac1a-a20634271929,Boy,Lowdyane,blowdyaneig@smugmug.com
da8b6acf-1a57-450e-bb71-f3f01ea2d99f,Dulsea,Bowker,dbowkerih@sourceforge.net
531dbdad-47d0-4d9d-9c5f-3c1040f1d0dd,Zola,Lemmon,zlemmonii@blogs.com
c0bcb57c-ead1-4e1e-8eea-e8953bd1b78d,Dukie,Beards,dbeardsij@storify.com
f6643cea-f6c4-4d53-86d7-9fa005cc35b3,Blair,Padillo,bpadilloik@squarespace.com
63a549d8-1673-4914-a201-6b38905713f3,Simone,Cullagh,scullaghil@toplist.cz
14ec72d6-a864-4dd5-99cf-d930a1f1ba48,Kathye,Collett,kcollettim@linkedin.com
b2151ea7-e231-4a04-9dae-acce0effea82,Lyn,Cromett,lcromettin@buzzfeed.com
c03da6d4-e384-4e66-8f13-34898dbdac04,Hernando,Issacoff,hissacoffio@tiny.cc
2a2df9f1-030a-4f68-b117-44d2ccba9c09,Gordan,Strettell,gstrettellip@cdc.gov
db9b0cd9-ee64-494a-a8f8-2ee5338522fc,Lucita,Sallarie,lsallarieiq@webeden.co.uk
7839bf08-4e1f-41a0-9125-13263e6c6d53,Othello,Colthurst,ocolthurstir@huffingtonpost.com
103153c1-2b73-41ab-8ded-919c1a3ebe29,Gail,Haquin,ghaquinis@pcworld.com
60e756b3-f464-4f6a-af40-5502a504d941,Kane,Dufton,kduftonit@reddit.com
9b013411-b2c6-4889-b0c6-f6c19b368d51,Kristien,Jost,kjostiu@360.cn
90be000b-f032-4d85-8b46-98e08a021546,Mora,Smitten,msmitteniv@techcrunch.com
a2321944-c5f3-4a49-9721-75befbde29bb,Alec,Belliard,abelliardiw@devhub.com
b6f07d41-756b-4f56-ac15-578feeec2884,Rufus,Beange,rbeangeix@dedecms.com
7bc199d4-7eaf-4fbb-a544-581afc5b6ad4,Tammi,Dwelly,tdwellyiy@cdc.gov
fc50bdab-b59a-4d78-91d9-839fa7dcf780,Harriette,Corselles,hcorsellesiz@illinois.edu
bf1c237a-d6a8-46e6-abd0-cb5757fff0be,Rana,Lafee,rlafeej0@hibu.com
a6da96c9-7249-47f9-a07f-1fbb174db664,Vincents,Ponton,vpontonj1@yahoo.com
f9ec372d-0962-4d2f-acab-65f7d52d5894,Gregorius,Lambin,glambinj2@gmpg.org
61b7692f-24eb-4496-b298-277e63033901,Merridie,Clamp,mclampj3@nasa.gov
57d411e1-2eee-4b80-9882-99c259cf2dab,Gilli,Tidder,gtidderj4@ebay.com
1d6d9078-fa61-4564-a962-301a83cd251a,Em,Feldman,efeldmanj5@myspace.com
67a58062-c022-4c9a-acf2-0cb107675e42,Denice,Brett,dbrettj6@java.com
b0e75e99-ee4f-4d04-88d2-447733122ce4,Berty,Coltart,bcoltartj7@howstuffworks.com
72961c3c-9979-4d19-aaf8-69001f071a6a,Darrel,Adel,dadelj8@weebly.com
d9393416-9619-4acf-bb80-70e849591972,Ingeberg,Yon,iyonj9@bandcamp.com
219e3687-4f88-488a-9869-c8b45f7c320b,Gillan,Lane,glaneja@trellian.com
44c62b17-48a4-4c1d-b9f5-0d1a1b3c2efe,Verine,Roust,vroustjb@businesswire.com
68b240c0-a235-4301-9c1e-3d606974d418,Kinny,Trowl,ktrowljc@princeton.edu
fa36c2b8-7b05-4e70-9951-0207b0a95371,Clovis,McTeer,cmcteerjd@instagram.com
2e4512d8-f84c-41ff-a0ed-aa4130e069cb,Brena,Tricker,btrickerje@boston.com
ab53f77f-1d99-47b8-be47-36c2e3024ad4,Umeko,Luard,uluardjf@usatoday.com
4c577b8d-f7e7-4284-a9fb-09507bf91b49,Shayne,Kobpa,skobpajg@ox.ac.uk
9a412caa-a494-404d-a184-af4306bb9440,Costanza,McLoughlin,cmcloughlinjh@utexas.edu
5c7fafcc-8fcb-4726-86b4-82265ea87e4f,Sigismund,Attrey,sattreyji@fastcompany.com
e8016247-201b-476f-946e-91b1574b6605,Devinne,Clues,dcluesjj@answers.com
f487c355-56fe-45c6-9e15-1f7ea12c0c26,Kevon,Ullyatt,kullyattjk@ftc.gov
3bba50b2-ed36-41a4-b0f1-ebf9dea05c54,Wini,Cheyenne,wcheyennejl@dell.com
571b71cc-288d-4627-99af-e54604650c99,Robenia,Adin,radinjm@google.es
7ffb15c7-2f8d-47c7-b510-fa8597b5fdbc,Leelah,Chishull,lchishulljn@wordpress.org
774378c6-3c25-40bf-84f6-534c5836c014,Joachim,Laurenson,jlaurensonjo@cnet.com
dee7de8e-47bd-4611-98a9-7a65a4f5e101,Laura,Burkert,lburkertjp@typepad.com
22d33bb8-9e36-4135-b011-f8bcfaec3c27,Dorena,Brown,dbrownjq@nba.com
5cd17da3-f852-488d-8cae-fb8fcb53f43a,Solomon,Earwicker,searwickerjr@prweb.com
779003cf-cac7-4ffc-b467-abde4a8183e3,Henrieta,Baccas,hbaccasjs@adobe.com
2e877098-2762-4405-824d-c8daae18e77d,Murray,Killik,mkillikjt@ucoz.com
0b1a03da-daf1-40bf-9d87-3949e05e99bf,Karol,Feifer,kfeiferju@ucla.edu
fa6b1eac-c919-42c1-bd75-7d204e0c9820,Dorothee,Galletly,dgalletlyjv@shop-pro.jp
c76a5895-15ac-4763-aee7-7ae7a308d444,Leia,Iamittii,liamittiijw@dot.gov
11fef556-c1d8-47bf-8e08-82be7e397321,Emlynn,Methley,emethleyjx@dailymotion.com
887eeb25-9acf-4906-9250-d95eb3b588aa,Othilie,Wrist,owristjy@latimes.com
fb9bc6c4-40e4-40ce-aed8-c0a929666a9a,Danyelle,Praundlin,dpraundlinjz@yellowbook.com
e9582ea3-9c10-4fd8-bd76-db2b851a1a92,Devonne,Cranny,dcrannyk0@edublogs.org
7d044bca-bcdc-4238-b55b-1a04af0783c9,Kelly,Abby,kabbyk1@opensource.org
c5c41a1e-7f52-4737-b692-58fe275e8e26,Steffie,Allom,sallomk2@disqus.com
0712a294-652d-4567-82f9-72356b0ee53e,Sascha,Kennady,skennadyk3@harvard.edu
85c17e03-2807-488d-9e84-76eef6945af5,Chad,de Copeman,cdecopemank4@zimbio.com
88fee9ab-a7b8-4584-971c-e331994946d6,Ruthie,Abry,rabryk5@nsw.gov.au
f68bb309-c762-4fd7-b4e0-9ff7236669ca,Anastassia,Garnar,agarnark6@cisco.com
6ab47aaf-0088-48d2-82b2-5fedee878fd3,Aristotle,Lewcock,alewcockk7@privacy.gov.au
d037adc4-3728-47db-9137-06d6ee5489bb,Hagan,Moxham,hmoxhamk8@state.gov
1e79c080-6d76-480a-9eeb-5aeba830a9e1,Hilly,Ware,hwarek9@yellowbook.com
95e76501-2619-4164-a122-77c1b376382c,Lydie,Gartsyde,lgartsydeka@yahoo.co.jp
fa4b6930-986d-4ccf-b133-c58a09f63353,Pansie,Ruppel,pruppelkb@storify.com
6a408940-9774-43b4-ba70-fff6a47cfa49,Conroy,Matusovsky,cmatusovskykc@cloudflare.com
6f62721d-eed4-423a-b830-fd18cb900a26,Nessie,Dearan,ndearankd@state.gov
8f14ccc4-bce0-471f-8c19-0d68483e2e54,Myrtie,Vallantine,mvallantineke@hexun.com
96b1780f-7d23-4f50-9318-c48fb9f8e024,Itch,Bearcock,ibearcockkf@utexas.edu
04226acd-3e92-47e8-a05b-c079ffd1c6b1,Lucas,Boni,lbonikg@hud.gov
154a504a-be9e-4982-9670-5bb14e7e6b12,Robinet,Balshaw,rbalshawkh@plala.or.jp
46600185-1ed2-49f6-8d2a-be861c01ba6c,Ottilie,Canepe,ocanepeki@mapy.cz
056b6ec2-0c92-4a3e-b2bf-de936c912d9b,Deirdre,Mapplethorpe,dmapplethorpekj@mediafire.com
bbfc5e23-73c3-4af9-8b9a-de11cbc34d7a,Mateo,Yosevitz,myosevitzkk@friendfeed.com
84613ad5-af75-40e1-b08e-466769523866,Ottilie,Spensly,ospenslykl@vinaora.com
97ddb45b-30d0-4246-bfc0-2434505eae27,Arlina,Domenc,adomenckm@flickr.com
1990d213-8581-439e-bcdf-3e41062de103,Laney,Jouhan,ljouhankn@drupal.org
2a2f396b-e386-4f48-bd58-d7992551351b,Maurita,Minchinton,mminchintonko@pbs.org
13e20b93-1ede-48a6-a1b4-ddc67c3e9a0b,Elwood,Lodevick,elodevickkp@vimeo.com
23c20776-f7a9-4355-8466-82dda7155402,Vassily,Cornfield,vcornfieldkq@intel.com
9a955a9e-f02f-4bff-a13d-3620c0117fc1,Selene,Hanselman,shanselmankr@acquirethisname.com
58aa8108-8286-4470-b91c-8cf31e99aae0,Bertha,McGhie,bmcghieks@huffingtonpost.com
a4a7da1d-cf4f-416a-b3da-b2b76edb0b14,Ora,Thiese,othiesekt@spiegel.de
ae3a2fb5-07f7-4bb4-89c1-5f6ce57f5526,Tully,Tumbelty,ttumbeltyku@dmoz.org
29a492b4-683f-4fb9-8547-d74c46dbadde,Sigmund,Tutin,stutinkv@disqus.com
a417897d-ccac-4a2c-b4d2-6d2bf283a847,Amandi,Labat,alabatkw@naver.com
70a6287f-5101-45a3-85e8-84cfbdbc50fb,Arlen,Hedman,ahedmankx@multiply.com
19f876e5-dd9d-41dc-97a0-b9e901babe83,Stanton,Beasleigh,sbeasleighky@house.gov
aa4fd6d3-dd5b-4096-92d3-a9d1a97aa3ea,Emmi,Bartul,ebartulkz@cbslocal.com
adc8106a-63ee-45c0-a60c-36602edb5093,Dasha,Beamont,dbeamontl0@amazon.com
1ffd3235-d0a1-4937-9c8a-8c57628b64cf,Gaile,Victoria,gvictorial1@friendfeed.com
3f8179ff-0e9d-49dc-bda9-837cde81b510,Hattie,Edmondson,hedmondsonl2@macromedia.com
61cf830b-b565-41c7-ad9c-504bc89c387f,Phyllys,Banthorpe,pbanthorpel3@sbwire.com
52b99ebd-5c18-4442-af80-4ea85238fc70,Jarret,Gilhooly,jgilhoolyl4@blogtalkradio.com
06b7202a-cdd6-4c4d-adb3-af952f4226bb,Kania,Semechik,ksemechikl5@aol.com
980d2c88-b5ae-4a85-884b-69e4a4c5c4c4,Care,Spinney,cspinneyl6@sphinn.com
1dd615d0-bf7f-48bf-b9c7-c27381782fde,Clementius,Wawer,cwawerl7@nature.com
1331c0a0-7fe2-46eb-82be-ba915d290eec,Lou,Houltham,lhoulthaml8@themeforest.net
04cc8edd-489c-45cb-95ba-53401969143e,Dwain,Heys,dheysl9@t-online.de
1219133c-56b6-444c-9a65-36157c1fb07b,Reidar,Massingham,rmassinghamla@tiny.cc
cae51f3f-270c-4b10-b4d9-f55710a59bd9,Kattie,Danovich,kdanovichlb@cafepress.com
a66b5ec4-901c-4c4c-acd1-0cc90e2ebee2,Audi,Cauderlie,acauderlielc@pcworld.com
5789f471-9634-4862-8b62-cb3cd839b12c,Phil,Alcott,palcottld@merriam-webster.com
eea14959-8cd9-45f5-99de-059b33c1e1ff,Ignatius,Allsworth,iallsworthle@home.pl
6498b963-a5a1-4622-a605-858371d2b45d,Dorrie,Parlott,dparlottlf@wordpress.org
f1fc6194-8398-4804-b2d3-ec6b4c8c8e3c,Orv,Sawden,osawdenlg@gravatar.com
b1f0549e-5bc8-4e78-a7f9-61814dcbdc5b,Milo,McEachern,mmceachernlh@uol.com.br
e908c227-29da-49c1-bd67-e1051ffda6dd,Othilie,Kirkup,okirkupli@soundcloud.com
6031d988-5b7c-4b55-856f-d538ec327ea8,Shaughn,Harding,shardinglj@ow.ly
922dd597-d0a7-4004-b6be-75fec87575be,Larisa,Pavett,lpavettlk@foxnews.com
aedd975e-3c1c-49e5-aa9e-ad9d728e6aff,Dannie,Vosper,dvosperll@plala.or.jp
eafa291c-c881-44e8-b76e-e9fd8e02724d,Dotti,Barrett,dbarrettlm@1688.com
8eaf69db-abe9-4237-b16c-71768aa09d20,Deana,Trulock,dtrulockln@lycos.com
56babd19-e31d-466c-8a0e-a76916dbf715,Angelika,Durnell,adurnelllo@elegantthemes.com
d3ecb469-cc53-4040-9cc5-4ab647ec79bb,Theda,Scoyles,tscoyleslp@tinypic.com
200e7776-d5db-4b90-8d85-3e205c53b1bc,Benoit,Dibling,bdiblinglq@nih.gov
a77e0944-4e5a-4fd6-9118-94f1931d4c99,Barrett,Meryett,bmeryettlr@paypal.com
e79c741e-c0e4-440e-ab91-6fd8a991869b,Gelya,Woffenden,gwoffendenls@naver.com
000e90f7-e54a-4382-89a9-84bf235bbd89,Jenilee,Wemes,jwemeslt@yolasite.com
0cc1b6f6-60a3-4f0c-938a-7b5b284d42a4,Jo-anne,Geistmann,jgeistmannlu@purevolume.com
c80e7d8d-0cbe-4029-aade-f3a3a57197f4,Romain,Cotesford,rcotesfordlv@aboutads.info
41455762-56e9-47d3-a2db-34af6ba66c32,Field,Kerrey,fkerreylw@wordpress.org
d31a59db-59bb-4e24-85f3-64aca8f18fbd,Veronique,Dealy,vdealylx@ibm.com
0d7e9ff6-61e5-4ba5-ac9a-4ebb76f7c778,Ilise,Zannelli,izannellily@sciencedirect.com
91fbfa6a-7b5a-44ad-a1bb-a5b9c205878a,Ramonda,Bradick,rbradicklz@wisc.edu
15d51405-3914-4d6c-9569-15719e82a4f3,Dosi,Shine,dshinem0@mashable.com
053b5e6c-d1a5-4f51-9175-9d3d3042bfe6,Katharyn,Chaney,kchaneym1@amazon.co.uk
c6b27c81-5c30-482a-8c56-c4ba07e59f06,Katrinka,Verbrugge,kverbruggem2@exblog.jp
5879fd5f-dc19-40a1-9dd5-8b81a30e9442,Mel,Dominiak,mdominiakm3@si.edu
97d9e202-29fd-423b-b654-83cf15b69f3a,Hasty,O'Crotty,hocrottym4@webnode.com
a070e396-14e2-4bc3-8f47-6c9a6d3f142e,Dexter,Petran,dpetranm5@ifeng.com
51bcbbd0-c783-4e33-b9a7-872a16177a3e,Beau,Stansbury,bstansburym6@blogtalkradio.com
010f4169-2847-48d4-9695-136954fe269c,Mordy,Zamboniari,mzamboniarim7@bizjournals.com
0e953771-2890-4849-a35c-dcd40aa63b9e,Christen,Androlli,candrollim8@mlb.com
84574499-2f27-4ba6-a7d5-846956368bef,Mireielle,Barbrick,mbarbrickm9@naver.com
fb621532-26cc-4f30-a69d-82e06d7c5373,Malena,Ladbrooke,mladbrookema@addthis.com
f4e6fa5c-2ee6-434f-9ed4-9a0d339c80ff,Agnola,Firman,afirmanmb@gov.uk
c77d63de-5020-42f5-a7e0-474d35630e3b,Garret,Pavlenko,gpavlenkomc@google.co.uk
4b98a8a1-1a08-4bad-a153-922c45ccfb14,Lindsy,McFater,lmcfatermd@facebook.com
49deccc3-ec13-447b-8c84-c611472f2a4c,Florida,Sweetlove,fsweetloveme@etsy.com
06972db9-20d2-4cb6-bfbc-289d22669282,Bunni,Errol,berrolmf@51.la
a7e3d534-fef6-4b1c-8d3d-2a6fcd766da5,Romy,Bayns,rbaynsmg@youtube.com
73b88edb-ac75-4616-88ba-2b3391d773fb,Evelin,Bear,ebearmh@nymag.com
3b481805-966e-4067-8f83-4eded1a2032c,Genevieve,Sambells,gsambellsmi@marriott.com
6c7a4995-3c60-4c44-9964-d31d9034562b,Kurt,Paskins,kpaskinsmj@ask.com
c87bdf74-38f6-465b-9373-e2b8232b05c8,Thacher,Brymner,tbrymnermk@cnn.com
a8cb3b83-6516-4951-a04a-25dc600142ca,Dudley,Crathorne,dcrathorneml@fotki.com
62a22f58-df93-40e4-85a2-5d52213794b7,Sukey,Buckthorpe,sbuckthorpemm@tmall.com
5b981711-d2d7-4ebb-bae9-be93264aea03,Jonie,Balderstone,jbalderstonemn@engadget.com
83804743-6cfa-4ec9-a88e-c54eb0e9bb67,Lynna,Whelpton,lwhelptonmo@timesonline.co.uk
f6c775d8-feb3-497e-af89-9aa2668f3380,Aryn,Crafts,acraftsmp@nhs.uk
1e4a75b2-3162-4d59-bc00-f6eb6c653ab2,Anders,Chetter,achettermq@stanford.edu
9eff3605-e401-4ad1-b766-c1b08f8287d6,Desmond,Cockshut,dcockshutmr@microsoft.com
bbc97ae0-b397-4914-9a29-2947f5d18630,Andromache,Kubica,akubicams@ibm.com
22899c5b-4150-470c-965e-42fe6136d73d,Hube,Teather,hteathermt@businesswire.com
fd0a39d5-f1e6-4af6-9257-6ece768f6296,Sylvester,Clac,sclacmu@51.la
a03cd092-30b3-416f-8e0c-cbf145dce09b,Jannel,MacIllrick,jmacillrickmv@joomla.org
954a8e5a-c77d-4b6b-b7a4-bb0573e551b8,Clim,Morden,cmordenmw@blogger.com
bcaecad1-2c32-4e4b-a819-c7e165489f99,Noelle,Tradewell,ntradewellmx@indiegogo.com
cc312229-aa6a-4d42-96ca-484d3fba585e,Rosemaria,Andryszczak,randryszczakmy@gnu.org
589fa8be-fd9e-43f4-99a4-8c89628e95a6,Guthry,Demougeot,gdemougeotmz@sbwire.com
8fee16ab-a107-42d4-8a0c-f57a284a8058,Jedidiah,Benyan,jbenyann0@odnoklassniki.ru
062baa40-c468-47ea-954b-e24a432754db,Ossie,Torricella,otorricellan1@creativecommons.org
82585c97-9447-4841-ac67-f3820c29de1c,Erinn,Aymes,eaymesn2@netscape.com
59ec5ff1-55df-419c-804a-3e93268eabcd,Zitella,M'Barron,zmbarronn3@utexas.edu
eae161f1-afd8-4f03-ba0c-688bf8df458e,Teri,Weadick,tweadickn4@seesaa.net
54045831-ce0f-490c-a5ea-4517f4e499b0,Benjy,Danielian,bdanieliann5@stanford.edu
0e98ecf6-3f9e-45a3-a104-b58169a1e263,Reba,Sollett,rsollettn6@sciencedirect.com
23de32a5-cc4a-49ef-8d06-6cf2a0870c39,Say,Buckle,sbucklen7@bbc.co.uk
1e8b445c-bfe6-4303-9606-cea705244fce,Tabby,Augustine,taugustinen8@furl.net
1e89adaf-467c-4961-9f9a-ec108dc29156,Antin,Copin,acopinn9@ucoz.ru
fe17d1b2-13b1-4239-b26b-31838c77f463,Lesli,Peerman,lpeermanna@gnu.org
0b34a551-e550-4e8a-9532-6cf02b1458a5,Sascha,Stobart,sstobartnb@histats.com
5f9cc830-c46b-4c62-9e2d-6535033e0526,Tabbitha,Branston,tbranstonnc@sitemeter.com
b4b7bb6f-4ba0-47fe-8a98-ffc3f9fa1180,Richart,Mallock,rmallocknd@usgs.gov
a665b6bf-1f0f-4a82-b881-d95a68845aa0,Judas,Tenny,jtennyne@lulu.com
adea7c7c-2cae-4231-b55f-53503dbe062a,Sheridan,Last,slastnf@creativecommons.org
1e436662-3fa9-476d-bce5-7f7e7425d11a,Jeanelle,Mistry,jmistryng@blogger.com
29fa2048-9d98-4b2e-86dd-50b9ae6f1eaa,Larine,Odd,loddnh@flavors.me
96eb5ba1-0843-4c8b-b402-29434076d378,Melany,Dewitt,mdewittni@digg.com
9d57cc0d-a9d0-40ef-83b0-06f45ca48eff,Lannie,Chat,lchatnj@salon.com
12da78a9-af40-4bfd-80e5-8d2177a8e357,Karney,Avrahamian,kavrahamiannk@seesaa.net
6f948f71-c793-4d2b-a868-cbc6a026c063,Amandy,Earnshaw,aearnshawnl@google.ca
61956e1d-e225-48ba-87f0-05407ce25780,Alec,Owain,aowainnm@ihg.com
1517bdf9-459d-43ae-becb-3f432a58d15c,Vick,Prescot,vprescotnn@upenn.edu
d65cb578-fccc-4b44-9c90-250079632970,Randi,Castelijn,rcastelijnno@dmoz.org
eb9c8848-70bc-4667-aa87-89a02147869d,Andrew,Coundley,acoundleynp@wikispaces.com
d700554d-fdc4-4534-87cf-c1a7b86b8966,Kirstyn,Rillett,krillettnq@theguardian.com
985a0833-c70a-4724-b0c1-fe41aa67618a,Jennee,Castanie,jcastanienr@theatlantic.com
d36a4dac-4766-4eb5-bc87-6bba69dbcd89,Christopher,Stanley,cstanleyns@cbc.ca
567ac5bc-0531-4e1d-86a2-c72cf4665493,Marsha,De Bell,mdebellnt@altervista.org
1d7cf019-008f-4e0f-988c-2b0c9db0858c,Dale,Ambrose,dambrosenu@baidu.com
5063c2c8-37d8-467a-9dd9-8d65bad60a94,Grata,Deackes,gdeackesnv@homestead.com
ca069612-6eb6-4680-9064-a6ae4d0a4914,Gusella,Gerrelts,ggerreltsnw@bizjournals.com
c061ea86-85c9-44e6-bd14-4620efd7b244,Jeffy,Tison,jtisonnx@elpais.com
1d1f9d22-2a9a-49bd-b0c0-1dbebc0af9b3,Mora,Frift,mfriftny@thetimes.co.uk
b06989d8-c132-469d-9a7d-c64ffde8005d,Skye,Divver,sdivvernz@webnode.com
2bb87912-98de-4bc7-b636-af9e9a4d33c9,Tildy,Reihm,treihmo0@facebook.com
4ee26ac6-9c45-4dde-b130-7d4dd962423a,Cullan,Owttrim,cowttrimo1@chicagotribune.com
ec2a1030-9be4-4994-9924-17e0740ed2b0,Dyanna,Marskell,dmarskello2@aol.com
c003ab1b-1b8b-40a3-b6ec-2316cdff82e2,Oralle,MacCheyne,omaccheyneo3@imageshack.us
2f5c90d2-8005-4be7-90bf-3ca81f8db01b,Shamus,Whitmarsh,swhitmarsho4@tripod.com
3b78181a-1556-4344-be36-bf42e4d79b71,Miguelita,Drummer,mdrummero5@bigcartel.com
5199dad5-6574-43e9-b31f-35142dfe816b,Orville,Treppas,otreppaso6@1und1.de
bbcc16bc-8726-4b36-abb5-c49a94233143,Vittorio,Lisciardelli,vlisciardellio7@sun.com
4df87c5b-c2e7-48ee-b568-1c010cefdeac,Sharon,Shay,sshayo8@flickr.com
a145bd25-20aa-4339-b4bf-5c10a79077d9,Derby,Middlehurst,dmiddlehursto9@omniture.com
b20b3e85-260f-44d8-b933-7ecb3e346fb6,Yuma,Jahner,yjahneroa@boston.com
d386ff82-b1fb-4616-8ec1-4ca6587434ae,Oralla,Bazeley,obazeleyob@diigo.com
070bb97a-2fd0-4bce-bea3-f70d725d77a4,Cindi,Loos,cloosoc@geocities.com
993bf9cc-d85e-4a5e-9349-92fedab3978e,Ethelda,Viscovi,eviscoviod@jalbum.net
b240b76d-3d74-4c73-8a76-6b6998db685c,Rafaellle,Plowes,rplowesoe@epa.gov
24cf3c16-8146-4c20-acb3-0d54832a4b29,Jerry,Dakin,jdakinof@mail.ru
74d581ee-1088-4d6d-a5a5-ffa99b75e54f,Rachael,O'Cahey,rocaheyog@prlog.org
cf166e08-e41f-4d02-b97a-744a4abef3b0,Sullivan,Innes,sinnesoh@yandex.ru
8e5327ac-424d-4bc1-a734-70b6dd4613a9,Neils,Jouaneton,njouanetonoi@newyorker.com
9989fa28-a2a6-49e9-8fe3-eacc8479b942,Petey,Tilley,ptilleyoj@seesaa.net
17c6c613-f37c-4d15-8e27-ac535e185534,Callida,Newstead,cnewsteadok@t-online.de
57f46fec-8072-460c-90e4-fd14818ff9bf,Ricky,Heinz,rheinzol@hatena.ne.jp
31953e1e-63bb-40ea-919f-ad2078c0faa5,Marilin,Allberry,mallberryom@printfriendly.com
f03de6b8-1e06-4d03-bfed-afbd1f3f5cad,Carmel,Assinder,cassinderon@npr.org
7a03622c-dc3e-48a6-a217-15b5fd229c9f,Blondy,Snoding,bsnodingoo@a8.net
fc626551-16b8-4b6d-bd79-cb75a7a3251a,Moira,Matthiae,mmatthiaeop@1688.com
e0219959-93db-4e46-ba0d-e8378ba7eb66,Amata,Maskelyne,amaskelyneoq@ed.gov
b1556ec3-dbdf-496d-8587-62d050565dd2,Fran,Coldbathe,fcoldbatheor@chronoengine.com
0c676d4f-fef2-42eb-aa50-e75041f055b2,Lanie,Powling,lpowlingos@tripod.com
c0773dc4-a9fa-4251-ac99-2fd071bae070,Dorey,Barnicott,dbarnicottot@amazon.co.uk
555e65f5-1a06-4f79-abd1-77d4065a38f1,Misti,Crease,mcreaseou@fastcompany.com
98d9b770-c668-444d-b17d-154df6a3df84,Beatriz,Sanzio,bsanzioov@forbes.com
9c6086d3-a4ac-49ab-9af0-9e74446163a9,Ernesto,Lough,eloughow@ucla.edu
55722771-675a-471d-b2dc-819a7e32a8dd,Vick,Maddrah,vmaddrahox@usa.gov
135ed45d-0355-4952-861a-7d515345985f,Jeromy,Matyashev,jmatyashevoy@dmoz.org
57431e93-10da-42d7-9516-bfbf461347fd,Ignatius,Naper,inaperoz@google.co.jp
4f08db84-5d43-468d-b0d9-c97702287351,Jordain,Rupp,jruppp0@symantec.com
38c40aed-687f-442d-8997-1b5600889dc4,Gerty,Lob,globp1@cloudflare.com
2b2897a5-bf99-47f1-a0f0-4b4c19dd988b,Fons,Scully,fscullyp2@mapy.cz
41889299-0665-4618-a107-967ae4fcc669,Melisent,Seifenmacher,mseifenmacherp3@economist.com
3cb5d633-0a98-46a5-bc34-c7523f68be1f,Cameron,Brainsby,cbrainsbyp4@cdc.gov
014e8efa-4f60-47c6-9f39-d6bd21c6fdb1,Devinne,Hekkert,dhekkertp5@joomla.org
5a1586f0-2239-4386-94a0-a5529b9459b7,Josephine,Spearman,jspearmanp6@pen.io
ad62036c-b214-4b25-8e2b-0545cd33cf4c,Gray,Shales,gshalesp7@cornell.edu
7ca2c2fa-5aff-4507-8319-0e7fc66a925b,Odell,Wibberley,owibberleyp8@ovh.net
9f2aaceb-3637-47e2-8f6a-2fe1001a0924,Morton,Baudon,mbaudonp9@bigcartel.com
a2d94e5c-2cd2-4a54-8d3b-2d95ea808483,Aileen,Leere,aleerepa@ebay.com
26c45717-4388-4c01-812d-a105ec4f467f,Kass,Wardroper,kwardroperpb@nymag.com
91e9ca4d-678e-42ef-80e6-a1e219c6f2fa,Reuben,McFarlane,rmcfarlanepc@economist.com
e396d52a-f2e3-4c83-928f-12b05629c26d,Vite,Kellart,vkellartpd@mashable.com
b09a77dd-ae7f-44c8-9a64-98c97c281f52,Steward,Richmont,srichmontpe@seattletimes.com
0533a4a7-c3ec-4c9c-a277-8bf9ce40ca05,Kerstin,Dunk,kdunkpf@walmart.com
b03e2724-9222-4c97-a89d-cda440658920,Hilde,Hacking,hhackingpg@moonfruit.com
7f859ed1-ab5e-4f2c-8770-230a3bd49754,Dew,Bennis,dbennisph@blogger.com
9b901735-1cb2-4356-a832-9a8b25ca4ccf,Hendrik,Teers,hteerspi@unesco.org
593aa569-0fbc-4230-b455-cdb41b4ccd47,Adriane,Beuscher,abeuscherpj@goo.ne.jp
b0b2b514-9ffc-4933-87ff-e067f23b85bd,Betteann,Sterricker,bsterrickerpk@engadget.com
82d82ddf-f4bc-4e39-8b9e-a4633c3f7191,Byrom,Pyser,bpyserpl@usa.gov
646b09f8-9d33-4b58-a3d8-821191258332,Staci,De Vaan,sdevaanpm@constantcontact.com
f719204b-490e-40ae-9765-8e18d324a0fb,Charmaine,Lennarde,clennardepn@newyorker.com
f7eb76c4-d0d5-4aa0-88e8-4801b38b6e98,Betty,Nettleship,bnettleshippo@ted.com
129e6493-4003-4784-89a8-bf2c82c1c7b6,Oswald,Gleadhall,ogleadhallpp@npr.org
54b977d3-b32c-497d-85f1-80260ee5650a,Gertruda,Bridges,gbridgespq@is.gd
69d715c8-1ec9-4a53-81ac-b5dfed94b29a,Thacher,Fields,tfieldspr@nps.gov
4ec59727-6c12-48a8-aa0b-e88b70bc8fcf,Elfrieda,Olczyk,eolczykps@com.com
6979a25b-3931-46f5-8b3b-f69f9776addb,Jacinda,Eves,jevespt@ox.ac.uk
f284e66e-c0c0-46d2-86e2-ca7983bb79f2,Jedd,Massy,jmassypu@nyu.edu
aeeaeb6a-6aff-4852-b8ea-db4ffed897a3,Beltran,Downage,bdownagepv@goo.ne.jp
71c8433b-8c39-4b9b-bea0-0d0f43b15281,Dav,Bonhome,dbonhomepw@nhs.uk
4d0b5e67-8f7a-4dd5-add8-79333e17cd2f,Starlene,Colyer,scolyerpx@yahoo.co.jp
e6f5776f-4b0d-4285-914f-10c4e643257f,Melesa,Skures,mskurespy@smh.com.au
e281e3c5-a821-4181-898b-dc44d9e11099,Lotta,Blunt,lbluntpz@posterous.com
39e00c3e-4e7f-4c3c-b3a2-49a2e6247d8b,Koralle,Kilminster,kkilminsterq0@marketwatch.com
5d9ac014-bec9-42eb-8851-cf9c10e2dd08,Jeannine,Watts,jwattsq1@nymag.com
971b10cd-ef07-42bd-8afa-beb88d24d11e,Ester,Sprasen,esprasenq2@ameblo.jp
020761e0-c25c-4c5d-82d8-d8fbae4df671,Moishe,Brundale,mbrundaleq3@reverbnation.com
6ac3bc5e-9296-41fa-8b34-18d4b13d226e,Adelind,Durbin,adurbinq4@wired.com
d33a9ed7-c89f-41a6-a2a7-7ae6ef8ba045,Madella,Kochs,mkochsq5@mlb.com
7ecd6810-b647-4a12-8f53-1c6c8126ae04,Moria,Yes,myesq6@ask.com
39c38db6-596f-4d36-88cc-5c3c13b0fe3d,Even,Brecknock,ebrecknockq7@samsung.com
eaeae548-ded2-41fe-ba74-05ca5387e1a5,Gerladina,Dobrowlski,gdobrowlskiq8@photobucket.com
b24f7cae-9cf1-419c-a620-da3bffa4eba3,Dore,Kleinmann,dkleinmannq9@china.com.cn
27968876-0af3-4aed-8e82-8b846c2a937f,Leigha,Golston,lgolstonqa@nih.gov
0419c3aa-e817-4708-a4a7-8feef1a8f023,Tana,Messent,tmessentqb@berkeley.edu
08786922-c695-4d3c-9a5c-dc5402379c7e,Delora,Dagnan,ddagnanqc@nhs.uk
201dec66-42a4-43e0-8409-5b172bc2925a,Valina,Ower,vowerqd@com.com
5ced627e-012e-47b0-a333-c033fdb38696,Jamaal,Leavold,jleavoldqe@vimeo.com
0abbf00f-861c-46ae-9557-02401d6348d8,Dannie,Ellit,dellitqf@usgs.gov
080a257f-a017-46e6-a822-6499bee74336,Judie,Boman,jbomanqg@trellian.com
5184f024-e652-4bc7-8bb2-affa633dc1f0,Ingunna,Acedo,iacedoqh@cdbaby.com
522b9b3a-7bee-47c4-8d36-592bcf639afc,Trstram,Ollis,tollisqi@abc.net.au
3ed8b54d-2f1a-4b77-a88e-0f0ca5f0779b,Cary,Furse,cfurseqj@twitter.com
3cee2176-4ecb-4e79-bbb9-5a98f0f10ccb,Averyl,Grelik,agrelikqk@google.it
7f048999-3719-4e50-b02a-7503d1ae880e,Zedekiah,McKilroe,zmckilroeql@dedecms.com
d85c8f41-a515-4113-98d0-2ab102e1384e,Field,Aust,faustqm@xing.com
beba3fd1-b425-45fc-82bf-c8fba8c92dc7,Gustave,Grisley,ggrisleyqn@theglobeandmail.com
b178fbad-1803-4c16-9a64-8927c9b0766c,Daryl,Vidler,dvidlerqo@google.pl
14dd9b9e-4313-46df-a3cf-6358d217b2f8,Ransell,Faccini,rfacciniqp@businessweek.com
f3b2d2b6-7a0c-48d0-a3e1-bcee5363ee9b,Diannne,Fludgate,dfludgateqq@constantcontact.com
70f70385-6367-4a3b-9039-cfc661fef27d,Ulysses,Ickowicz,uickowiczqr@myspace.com
8de36873-9a5a-4988-a191-0ead96084cf6,Beatrice,Gauson,bgausonqs@bloomberg.com
9a4a27d6-a503-47dc-afbb-d6381030d1cd,De,Fredson,dfredsonqt@paginegialle.it
189994e3-2c6a-494d-a4eb-612051879d1d,Marj,Perkin,mperkinqu@dmoz.org
70ff1a42-db48-4f71-8ae3-4fef857bf36a,Artemas,Dunne,adunneqv@hibu.com
78452ab1-a608-45ca-8cf9-f30ca8cd4c11,Crissie,Stelle,cstelleqw@soup.io
19fb5741-e8bb-4ca6-9412-5f2ec94e9b42,Katleen,Micheu,kmicheuqx@goo.gl
d1272fab-dd1c-4761-b569-5ffab7a1c565,Bayard,Webling,bweblingqy@spotify.com
8b85700d-3978-4a68-a32a-f6bf9ae96c1a,Calv,De Lascy,cdelascyqz@photobucket.com
a32b3b6c-0786-4f2c-b6a4-bb035d1aef11,Cortie,Mehaffey,cmehaffeyr0@youtu.be
68a3679f-45f7-4069-9367-31f5231723bc,Jillayne,Gherardesci,jgherardescir1@imgur.com
f7df3175-dabe-4251-9109-8ec03c0d3b5b,Keene,Segge,ksegger2@samsung.com
2e462f0d-a348-43a0-b031-6a82499ffa11,Lolly,Swede,lsweder3@shop-pro.jp
29af98f5-1eec-4ce1-98bb-181e857586ba,Anthiathia,Gummoe,agummoer4@ca.gov
d2828f37-0eeb-4f7d-92a8-4826ca3f6f89,Pauline,Blinde,pblinder5@alibaba.com
e53846b4-522d-481e-a71e-ec3da0514809,Gillian,Meates,gmeatesr6@phpbb.com
bf3396d5-d349-4212-ae65-edc884d121b8,Thorstein,Wistance,twistancer7@hc360.com
bc7bc8f9-9b66-4175-aafc-dc325be6789f,Chickie,Penhallurick,cpenhallurickr8@princeton.edu
0519a0d2-d740-4d26-8b47-0632e9184dcd,Alexandra,Matthewman,amatthewmanr9@pagesperso-orange.fr
5b66cbe2-4695-456d-9e31-24b074398a24,Raychel,Rowena,rrowenara@friendfeed.com
e5f939cd-dfa0-4dda-83e4-3af90af2ff39,Kirby,Drohane,kdrohanerb@bluehost.com
df843a80-d9a8-4eca-ae6b-edd938eadfc9,Shellie,Sallis,ssallisrc@shinystat.com
14b1e6c4-057e-48fc-9687-9f0b1614e39b,Danny,Harm,dharmrd@forbes.com
16c98a42-6be2-4e7e-9572-e35db1330c83,Dyanna,Byers,dbyersre@harvard.edu
f797fc8d-84c2-423d-9109-6f214cca30d8,Mirabel,Duffree,mduffreerf@last.fm
9fbaa017-26e3-417a-92e0-d61f1fbb5c7f,Yvor,Luther,ylutherrg@xing.com
09c21f32-6cd4-454c-9a2a-609095bd5312,Emeline,Pherps,epherpsrh@nhs.uk
869120d8-84d0-44ea-87e2-dc5be4025f5d,Johan,Pullan,jpullanri@springer.com
0b89584b-2ce6-4f1f-9f8f-04fd59af301e,Tiphani,Feltham,tfelthamrj@w3.org
177bb187-c639-4ac0-8101-462238792328,Bonni,Upstell,bupstellrk@arizona.edu
a39dd550-4d57-4427-9495-6b1f6fc42387,Angelle,Warrener,awarrenerrl@google.com.br
5695d402-7e65-42bd-aed5-f7e670809c5e,Duane,Sherburn,dsherburnrm@geocities.com
53be0d22-1c80-4ead-a518-42654935da3b,Izzy,Morrissey,imorrisseyrn@cbslocal.com
dd5a7280-30d8-415a-926c-905b77d8e329,Sayre,Downse,sdownsero@bloglines.com
3bda2f25-ec37-4d39-8543-746bb1c42bf4,Israel,Pilsbury,ipilsburyrp@yandex.ru
89032384-d17f-4fc1-a5ee-ff046df4359d,Laure,Memmory,lmemmoryrq@tripadvisor.com
7dd9d237-e670-4151-ad3f-1e0e778a44b7,Haskell,Bimrose,hbimroserr@cnet.com
