PersonId,FirstName,LastName,EmailAddress
61e94fc0-a0ca-4853-bc2c-f98a5d714133,Andee0,Bohlje0,abohlje0@blog.com
6ba1888b-4b84-4f53-a31e-ae3625d1ad2d,Packston0,Elleray0,pelleray1@washingtonpost.com
d1c905c4-0661-4138-b51d-9d9492ff3e9a,Pammie0,Wainer0,pwainer2@sina.com.cn
54765fc6-54f6-4f44-afeb-808b551f48b7,Sidney0,Cauthra0,scauthra3@technorati.com
1f1535a9-8f51-439c-accf-bcbe2f0d52fe,Lesley0,Fanton0,lfanton4@geocities.jp
eda3e833-58c9-4554-800e-453f1b025e35,Sadye0,Passingham0,spassingham5@skyrock.com
78692d58-eb25-4902-9ad6-3721d98145b3,Celestina0,Rattenberie0,crattenberie6@squarespace.com
976beb59-2d9f-4add-b0ef-2117d479b13d,Creight0,Jakubowicz0,cjakubowicz7@mit.edu
81b92e16-a2e5-47f1-9a76-ef5d163af4bf,Heida0,Jonsson0,hjonsson8@wp.com
aac0db6e-e24d-4e33-8c7d-cf4b6f08b908,Kristal0,Chawner0,kchawner9@bloglines.com
e145042c-1036-42f9-b59a-1d756c67d18d,Jed0,Mardoll0,jmardolla@bigcartel.com
aec3f5ca-6b51-42ad-b9c1-850b5f97dd3d,Waylen0,De Normanville0,wdenormanvilleb@google.com.au
32bb01ae-9954-4a42-9f66-1ac99f9708fa,Susette0,Coxhell0,scoxhellc@omniture.com
59887dd1-4698-43a1-b900-14fa727c4143,Marmaduke0,Weedall0,mweedalld@digg.com
8d1f3e26-e1ee-4649-8033-4b9d98f5df99,Karen0,Broschke0,kbroschkee@berkeley.edu
6d17f39e-3a33-4a87-ad6c-fc187f21cbe1,Marci0,Cicchelli0,mcicchellif@hud.gov
6362578d-1de4-4f27-85c7-fc43ad93ceaf,Findley0,Dale0,fdaleg@amazon.de
b3ffa54a-5479-42c0-8486-26dfaa46f747,Cthrine0,Ferber0,cferberh@princeton.edu
d0d7a275-5de2-4039-a353-c2e1fd355b4a,Helenka0,Creenan0,hcreenani@github.com
523c489b-09c3-4c8c-9a50-d6b5e4cbf1f2,Larissa0,Saunper0,lsaunperj@nasa.gov
2f081101-b313-4e6d-84d5-168e953025e0,Thea0,Cowlam0,tcowlamk@nhs.uk
b69ee1e2-019b-41e2-b9df-1f60cf53c35e,Madonna0,Rupprecht0,mrupprechtl@pbs.org
e1da55ac-b794-422c-a11f-537caf79de3d,Eziechiele0,Biernacki0,ebiernackim@gizmodo.com
bb129199-143f-4051-818c-3a7c74596876,Darby0,MacKnight0,dmacknightn@livejournal.com
bad53f3e-d26e-4bbb-b00d-fc237b27e497,Sheilah0,Willmot0,swillmoto@g.co
5c6d9017-a4cf-428f-ac3d-b8be217e8163,Marlin0,Heyball0,mheyballp@fda.gov
a40cda00-9e23-467c-a5d6-fdcecd3e5c81,Thor0,Epelett0,tepelettq@gmpg.org
5116d5f0-1d9b-41c7-9447-f03c6885cc50,Shelagh0,Waterdrinker0,swaterdrinkerr@altervista.org
cc051bb0-a8dd-4d7d-9cc7-07804db4c67d,Maye0,Laity0,mlaitys@upenn.edu
5cca0104-ab43-4f67-8e84-f22e4a412384,Becky0,Josipovic0,bjosipovict@bbb.org
f038cb3c-3c7c-4b79-81a1-40b9987ff9e5,Cobby0,Mindenhall0,cmindenhallu@baidu.com
790b0241-8330-42bf-9e8d-9759489bbf85,Brandy0,Murty0,bmurtyv@newyorker.com
aefef870-5e88-405b-99a0-a49ed46f2e66,L;urette0,Dobie0,ldobiew@washingtonpost.com
42328014-83d5-4cd6-a53d-72a684f86163,Muhammad0,Proudley0,mproudleyx@china.com.cn
4d4f7b33-9b8f-4634-868a-16bcaa9636cb,Loralee0,Skitral0,lskitraly@ycombinator.com
af416727-e66b-463c-a336-002efdb7c2ab,Lucias0,Batchelour0,lbatchelourz@umich.edu
91f71829-a88f-4623-a469-d6460003918f,Rheta0,Liccardo0,rliccardo10@umich.edu
f3325887-e3ac-4e9b-9469-908228e4a778,Ferdie0,Gayter0,fgayter11@e-recht24.de
0d3a0dab-6929-4153-8ab3-5031b600f321,Karole0,Kinder0,kkinder12@mayoclinic.com
da5976b3-1026-4257-92e4-2f36ee67a3e8,Ber0,Gavaghan0,bgavaghan13@chron.com
62d18b09-995d-4207-b19f-59c88b94fcc4,Ingram0,Naisbit0,inaisbit14@dailymail.co.uk
19636cb6-699b-42c7-a2a0-e91e23b186f8,Valene0,Duerden0,vduerden15@skype.com
a5b7924e-86d8-4917-97d0-31b38078e7da,Siward0,Hevey0,shevey16@forbes.com
3d0431ac-7511-4543-8732-19ea2ac5ff43,Aldin0,Urlich0,aurlich17@ocn.ne.jp
1ecf8656-c69b-4f82-a32c-6bbf4dbaa76b,Gayle0,Castree0,gcastree18@howstuffworks.com
944f5007-7a30-40d2-b688-6bd1ff9e25fc,Rikki0,Guerry0,rguerry19@shop-pro.jp
f6bff69e-bf90-41a6-9af1-96aec6adc07f,Jeniffer0,Nial0,jnial1a@blog.com
ed358946-60b2-4d07-98f8-1fa561c3332e,Gonzalo0,Izakov0,gizakov1b@ask.com
854ade53-540e-47f7-9dc8-0702329a5c04,Sharyl0,Allmond0,sallmond1c@elpais.com
2dfab98e-3142-4bf8-8d4b-43c4ff3e7f9b,Massimiliano0,Utton0,mutton1d@ovh.net
fb2022b9-3b79-4d41-8e63-e63764317a16,Cindy0,Bolle0,cbolle1e@comcast.net
c9e50897-5a87-4f24-9541-3e464c2a13ca,Packston0,Turl0,pturl1f@jigsy.com
75a06fbe-9d0c-4eb4-912b-bab60ab781e9,Jeri0,Haster0,jhaster1g@cnn.com
c4b3fd48-ef57-4d03-81e0-15b5e88f5e68,Rickard0,Brosini0,rbrosini1h@slideshare.net
a70db98a-3fb0-4d1b-b403-c2992f5356e5,Neel0,Kezourec0,nkezourec1i@hostgator.com
ea108790-656f-45e7-942e-5cd8b59e8876,Lenee0,Saberton0,lsaberton1j@blog.com
4464ede4-b8ab-40a5-85b5-36fb8478362e,Jone0,Arran0,jarran1k@auda.org.au
9d4a76d4-f13e-46d3-b0a9-440d9c9eb6e9,Dara0,Poytheras0,dpoytheras1l@opera.com
cfb1efc8-4c4c-41c3-af81-5fbe4528bb25,Justin0,Crampin0,jcrampin1m@icq.com
e47bcc78-89d3-48ac-839e-f71e35952090,Olin0,Jeacock0,ojeacock1n@shinystat.com
6d4934a4-0e93-4776-be92-b8da7f33cf9e,Sigrid0,Vakhrushin0,svakhrushin1o@mail.ru
296f0581-b019-45b9-b6e0-c64a375f0612,Corette0,Cino0,ccino1p@gov.uk
c826eefe-71dc-4b51-aaf6-142a68291908,Kailey0,Ferrand0,kferrand1q@godaddy.com
bb929c47-f772-4802-a036-8d3e827543c3,Bendite0,Flieger0,bflieger1r@patch.com
4a8f3a2c-855e-4abb-98d7-f309624c8858,Maureen0,Tant0,mtant1s@purevolume.com
af61fe03-5f5e-4bf8-82fb-4541abd2e6f3,Elberta0,Port0,eport1t@clickbank.net
0925598e-4c46-4aa4-9455-763c1b69c624,Chloe0,Barrim0,cbarrim1u@newyorker.com
f78296f2-353c-43db-a8eb-3218de5542c8,Clerkclaude0,Donnan0,cdonnan1v@uiuc.edu
c927e033-ae17-44d5-91b3-a4bbee6947c8,Niki0,Tointon0,ntointon1w@webnode.com
f09231ce-6150-4b46-9c00-6eb1e65b0d3b,Charlot0,Linthead0,clinthead1x@theatlantic.com
8f6eaf1b-7b55-4fda-8803-d21abaa8659d,Gardy0,Carratt0,gcarratt1y@globo.com
8e9c655a-eb61-4ba9-b151-31676ab70cd8,Colleen0,Kiddy0,ckiddy1z@mit.edu
5ecbe04d-7d58-492f-a03e-d5f4dc112fed,Tamqrah0,Coppledike0,tcoppledike20@cisco.com
f1ef7ed9-9e0c-431f-983e-9c5d6d13bb13,Clive0,Mattea0,cmattea21@usda.gov
6526e4da-aec3-43c5-aec8-7623dbc130d4,Tracie0,Keitley0,tkeitley22@vkontakte.ru
f781320f-0949-4328-b011-68c24f73881e,Sheba0,Kenewell0,skenewell23@aboutads.info
479e8d4c-17d6-4340-bfac-f5852bcc6866,Toiboid0,Ardron0,tardron24@yellowbook.com
d3672cb5-0bef-446c-86df-fb9a4e7adb35,Edgar0,Strute0,estrute25@reference.com
fb92ee6a-4751-4947-bb7a-8b9d76a3be84,Dela0,Kitchaside0,dkitchaside26@163.com
5af36d56-d782-4907-8179-28c692385bcd,Minnaminnie0,Domanski0,mdomanski27@google.it
6d176743-f40e-4cf2-af18-d76eff98ae9e,Antoine0,Scollard0,ascollard28@icio.us
f1ebc75e-b983-41a4-ae49-4611484b690d,Hyman0,Bumpass0,hbumpass29@godaddy.com
34bbb641-c832-4d87-9afd-f598763d7915,Clotilda0,Gwinnett0,cgwinnett2a@google.ru
683bb5b1-e053-4eae-b9e1-8b84b0dc55ab,Belvia0,Darwent0,bdarwent2b@ebay.co.uk
00b5e0c7-90b8-43dd-a198-b6f5314d14d6,Jerri0,Bailes0,jbailes2c@prlog.org
3eec0b37-89d2-44bc-ad58-e5ee30a3316b,Bernard0,Normant0,bnormant2d@gnu.org
f46ce867-d753-4488-ba51-874a3d34b64b,Pietra0,Dunsmore0,pdunsmore2e@phpbb.com
e8c2794e-14b3-4a40-85a6-5af8474a831e,Gal0,Collishaw0,gcollishaw2f@netvibes.com
94bc1ec8-09d4-4aac-a462-d17aef4ee33b,Humphrey0,Genicke0,hgenicke2g@shinystat.com
6ef93727-b031-4c70-b9aa-d9d490863e51,Florrie0,Murkus0,fmurkus2h@booking.com
1aea45be-2407-4035-ac1b-a49657ee4bd2,Marthe0,Ackers0,mackers2i@miibeian.gov.cn
8267f4df-ed25-4f8d-b3f2-e6eed43a8cc3,Tamma0,Allebone0,tallebone2j@springer.com
d3d09398-2cc4-40f9-90d8-e92bb85c4f15,Isaiah0,Skune0,iskune2k@cdc.gov
34570025-05c3-4bc4-a875-fa5cab34edff,Laurette0,Ianitti0,lianitti2l@etsy.com
e7cb25ac-15f7-4998-a332-f29f6a5dc9ba,Herve0,Eadie0,headie2m@globo.com
1fcbb0e9-6a87-400c-a301-67673401853e,Rosalia0,Frankcombe0,rfrankcombe2n@usda.gov
bb92ca1e-7d84-485c-95ad-08f182bf4005,Rance0,Achurch0,rachurch2o@blinklist.com
700073f3-34a3-416f-afae-7a9b847f6031,Izabel0,Stansfield0,istansfield2p@alexa.com
583447f4-6f04-42c8-b0d9-75b785d9adbb,Isidro0,Torrans0,itorrans2q@slate.com
19d3b95b-555c-4c7c-ad9a-dca7981cdc94,Elvera0,Edon0,eedon2r@nydailynews.com
5e7a480b-a507-4b40-925e-eabf76b78a96,Sanderson0,Affleck0,saffleck2s@drupal.org
