PersonId,FirstName,LastName,EmailAddress
61e94fc0-a0ca-4853-bc2c-f98a5d714133,Andee0,Bohlje0,abohlje0@blog.com
6ba1888b-4b84-4f53-a31e-ae3625d1ad2d,Packston0,Elleray0,pelleray1@washingtonpost.com
d1c905c4-0661-4138-b51d-9d9492ff3e9a,Pammie0,Wainer0,pwainer2@sina.com.cn
54765fc6-54f6-4f44-afeb-808b551f48b7,Sidney0,Cauthra0,scauthra3@technorati.com
1f1535a9-8f51-439c-accf-bcbe2f0d52fe,Lesley0,Fanton0,lfanton4@geocities.jp
eda3e833-58c9-4554-800e-453f1b025e35,Sadye0,Passingham0,spassingham5@skyrock.com
78692d58-eb25-4902-9ad6-3721d98145b3,Celestina0,Rattenberie0,crattenberie6@squarespace.com
976beb59-2d9f-4add-b0ef-2117d479b13d,Creight0,Jakubowicz0,cjakubowicz7@mit.edu
81b92e16-a2e5-47f1-9a76-ef5d163af4bf,Heida0,Jonsson0,hjonsson8@wp.com
aac0db6e-e24d-4e33-8c7d-cf4b6f08b908,Kristal0,Chawner0,kchawner9@bloglines.com
e145042c-1036-42f9-b59a-1d756c67d18d,Jed0,Mardoll0,jmardolla@bigcartel.com
aec3f5ca-6b51-42ad-b9c1-850b5f97dd3d,Waylen0,De Normanville0,wdenormanvilleb@google.com.au
32bb01ae-9954-4a42-9f66-1ac99f9708fa,Susette0,Coxhell0,scoxhellc@omniture.com
59887dd1-4698-43a1-b900-14fa727c4143,Marmaduke0,Weedall0,mweedalld@digg.com
8d1f3e26-e1ee-4649-8033-4b9d98f5df99,Karen0,Broschke0,kbroschkee@berkeley.edu
6d17f39e-3a33-4a87-ad6c-fc187f21cbe1,Marci0,Cicchelli0,mcicchellif@hud.gov
6362578d-1de4-4f27-85c7-fc43ad93ceaf,Findley0,Dale0,fdaleg@amazon.de
b3ffa54a-5479-42c0-8486-26dfaa46f747,Cthrine0,Ferber0,cferberh@princeton.edu
d0d7a275-5de2-4039-a353-c2e1fd355b4a,Helenka0,Creenan0,hcreenani@github.com
523c489b-09c3-4c8c-9a50-d6b5e4cbf1f2,Larissa0,Saunper0,lsaunperj@nasa.gov
2f081101-b313-4e6d-84d5-168e953025e0,Thea0,Cowlam0,tcowlamk@nhs.uk
b69ee1e2-019b-41e2-b9df-1f60cf53c35e,Madonna0,Rupprecht0,mrupprechtl@pbs.org
e1da55ac-b794-422c-a11f-537caf79de3d,Eziechiele0,Biernacki0,ebiernackim@gizmodo.com
bb129199-143f-4051-818c-3a7c74596876,Darby0,MacKnight0,dmacknightn@livejournal.com
bad53f3e-d26e-4bbb-b00d-fc237b27e497,Sheilah0,Willmot0,swillmoto@g.co
5c6d9017-a4cf-428f-ac3d-b8be217e8163,Marlin0,Heyball0,mheyballp@fda.gov
a40cda00-9e23-467c-a5d6-fdcecd3e5c81,Thor0,Epelett0,tepelettq@gmpg.org
5116d5f0-1d9b-41c7-9447-f03c6885cc50,Shelagh0,Waterdrinker0,swaterdrinkerr@altervista.org
cc051bb0-a8dd-4d7d-9cc7-07804db4c67d,Maye0,Laity0,mlaitys@upenn.edu
5cca0104-ab43-4f67-8e84-f22e4a412384,Becky0,Josipovic0,bjosipovict@bbb.org
f038cb3c-3c7c-4b79-81a1-40b9987ff9e5,Cobby0,Mindenhall0,cmindenhallu@baidu.com
790b0241-8330-42bf-9e8d-9759489bbf85,Brandy0,Murty0,bmurtyv@newyorker.com
aefef870-5e88-405b-99a0-a49ed46f2e66,L;urette0,Dobie0,ldobiew@washingtonpost.com
42328014-83d5-4cd6-a53d-72a684f86163,Muhammad0,Proudley0,mproudleyx@china.com.cn
4d4f7b33-9b8f-4634-868a-16bcaa9636cb,Loralee0,Skitral0,lskitraly@ycombinator.com
af416727-e66b-463c-a336-002efdb7c2ab,Lucias0,Batchelour0,lbatchelourz@umich.edu
91f71829-a88f-4623-a469-d6460003918f,Rheta0,Liccardo0,rliccardo10@umich.edu
f3325887-e3ac-4e9b-9469-908228e4a778,Ferdie0,Gayter0,fgayter11@e-recht24.de
0d3a0dab-6929-4153-8ab3-5031b600f321,Karole0,Kinder0,kkinder12@mayoclinic.com
da5976b3-1026-4257-92e4-2f36ee67a3e8,Ber0,Gavaghan0,bgavaghan13@chron.com
62d18b09-995d-4207-b19f-59c88b94fcc4,Ingram0,Naisbit0,inaisbit14@dailymail.co.uk
19636cb6-699b-42c7-a2a0-e91e23b186f8,Valene0,Duerden0,vduerden15@skype.com
a5b7924e-86d8-4917-97d0-31b38078e7da,Siward0,Hevey0,shevey16@forbes.com
3d0431ac-7511-4543-8732-19ea2ac5ff43,Aldin0,Urlich0,aurlich17@ocn.ne.jp
1ecf8656-c69b-4f82-a32c-6bbf4dbaa76b,Gayle0,Castree0,gcastree18@howstuffworks.com
944f5007-7a30-40d2-b688-6bd1ff9e25fc,Rikki0,Guerry0,rguerry19@shop-pro.jp
f6bff69e-bf90-41a6-9af1-96aec6adc07f,Jeniffer0,Nial0,jnial1a@blog.com
ed358946-60b2-4d07-98f8-1fa561c3332e,Gonzalo0,Izakov0,gizakov1b@ask.com
854ade53-540e-47f7-9dc8-0702329a5c04,Sharyl0,Allmond0,sallmond1c@elpais.com
2dfab98e-3142-4bf8-8d4b-43c4ff3e7f9b,Massimiliano0,Utton0,mutton1d@ovh.net
fb2022b9-3b79-4d41-8e63-e63764317a16,Cindy0,Bolle0,cbolle1e@comcast.net
c9e50897-5a87-4f24-9541-3e464c2a13ca,Packston0,Turl0,pturl1f@jigsy.com
75a06fbe-9d0c-4eb4-912b-bab60ab781e9,Jeri0,Haster0,jhaster1g@cnn.com
c4b3fd48-ef57-4d03-81e0-15b5e88f5e68,Rickard0,Brosini0,rbrosini1h@slideshare.net
a70db98a-3fb0-4d1b-b403-c2992f5356e5,Neel0,Kezourec0,nkezourec1i@hostgator.com
ea108790-656f-45e7-942e-5cd8b59e8876,Lenee0,Saberton0,lsaberton1j@blog.com
4464ede4-b8ab-40a5-85b5-36fb8478362e,Jone0,Arran0,jarran1k@auda.org.au
9d4a76d4-f13e-46d3-b0a9-440d9c9eb6e9,Dara0,Poytheras0,dpoytheras1l@opera.com
cfb1efc8-4c4c-41c3-af81-5fbe4528bb25,Justin0,Crampin0,jcrampin1m@icq.com
e47bcc78-89d3-48ac-839e-f71e35952090,Olin0,Jeacock0,ojeacock1n@shinystat.com
6d4934a4-0e93-4776-be92-b8da7f33cf9e,Sigrid0,Vakhrushin0,svakhrushin1o@mail.ru
296f0581-b019-45b9-b6e0-c64a375f0612,Corette0,Cino0,ccino1p@gov.uk
c826eefe-71dc-4b51-aaf6-142a68291908,Kailey0,Ferrand0,kferrand1q@godaddy.com
bb929c47-f772-4802-a036-8d3e827543c3,Bendite0,Flieger0,bflieger1r@patch.com
4a8f3a2c-855e-4abb-98d7-f309624c8858,Maureen0,Tant0,mtant1s@purevolume.com
af61fe03-5f5e-4bf8-82fb-4541abd2e6f3,Elberta0,Port0,eport1t@clickbank.net
0925598e-4c46-4aa4-9455-763c1b69c624,Chloe0,Barrim0,cbarrim1u@newyorker.com
f78296f2-353c-43db-a8eb-3218de5542c8,Clerkclaude0,Donnan0,cdonnan1v@uiuc.edu
c927e033-ae17-44d5-91b3-a4bbee6947c8,Niki0,Tointon0,ntointon1w@webnode.com
f09231ce-6150-4b46-9c00-6eb1e65b0d3b,Charlot0,Linthead0,clinthead1x@theatlantic.com
8f6eaf1b-7b55-4fda-8803-d21abaa8659d,Gardy0,Carratt0,gcarratt1y@globo.com
8e9c655a-eb61-4ba9-b151-31676ab70cd8,Colleen0,Kiddy0,ckiddy1z@mit.edu
5ecbe04d-7d58-492f-a03e-d5f4dc112fed,Tamqrah0,Coppledike0,tcoppledike20@cisco.com
f1ef7ed9-9e0c-431f-983e-9c5d6d13bb13,Clive0,Mattea0,cmattea21@usda.gov
6526e4da-aec3-43c5-aec8-7623dbc130d4,Tracie0,Keitley0,tkeitley22@vkontakte.ru
f781320f-0949-4328-b011-68c24f73881e,Sheba0,Kenewell0,skenewell23@aboutads.info
479e8d4c-17d6-4340-bfac-f5852bcc6866,Toiboid0,Ardron0,tardron24@yellowbook.com
d3672cb5-0bef-446c-86df-fb9a4e7adb35,Edgar0,Strute0,estrute25@reference.com
fb92ee6a-4751-4947-bb7a-8b9d76a3be84,Dela0,Kitchaside0,dkitchaside26@163.com
5af36d56-d782-4907-8179-28c692385bcd,Minnaminnie0,Domanski0,mdomanski27@google.it
6d176743-f40e-4cf2-af18-d76eff98ae9e,Antoine0,Scollard0,ascollard28@icio.us
f1ebc75e-b983-41a4-ae49-4611484b690d,Hyman0,Bumpass0,hbumpass29@godaddy.com
34bbb641-c832-4d87-9afd-f598763d7915,Clotilda0,Gwinnett0,cgwinnett2a@google.ru
683bb5b1-e053-4eae-b9e1-8b84b0dc55ab,Belvia0,Darwent0,bdarwent2b@ebay.co.uk
00b5e0c7-90b8-43dd-a198-b6f5314d14d6,Jerri0,Bailes0,jbailes2c@prlog.org
3eec0b37-89d2-44bc-ad58-e5ee30a3316b,Bernard0,Normant0,bnormant2d@gnu.org
f46ce867-d753-4488-ba51-874a3d34b64b,Pietra0,Dunsmore0,pdunsmore2e@phpbb.com
e8c2794e-14b3-4a40-85a6-5af8474a831e,Gal0,Collishaw0,gcollishaw2f@netvibes.com
94bc1ec8-09d4-4aac-a462-d17aef4ee33b,Humphrey0,Genicke0,hgenicke2g@shinystat.com
6ef93727-b031-4c70-b9aa-d9d490863e51,Florrie0,Murkus0,fmurkus2h@booking.com
1aea45be-2407-4035-ac1b-a49657ee4bd2,Marthe0,Ackers0,mackers2i@miibeian.gov.cn
8267f4df-ed25-4f8d-b3f2-e6eed43a8cc3,Tamma0,Allebone0,tallebone2j@springer.com
d3d09398-2cc4-40f9-90d8-e92bb85c4f15,Isaiah0,Skune0,iskune2k@cdc.gov
34570025-05c3-4bc4-a875-fa5cab34edff,Laurette0,Ianitti0,lianitti2l@etsy.com
e7cb25ac-15f7-4998-a332-f29f6a5dc9ba,Herve0,Eadie0,headie2m@globo.com
1fcbb0e9-6a87-400c-a301-67673401853e,Rosalia0,Frankcombe0,rfrankcombe2n@usda.gov
bb92ca1e-7d84-485c-95ad-08f182bf4005,Rance0,Achurch0,rachurch2o@blinklist.com
700073f3-34a3-416f-afae-7a9b847f6031,Izabel0,Stansfield0,istansfield2p@alexa.com
583447f4-6f04-42c8-b0d9-75b785d9adbb,Isidro0,Torrans0,itorrans2q@slate.com
19d3b95b-555c-4c7c-ad9a-dca7981cdc94,Elvera0,Edon0,eedon2r@nydailynews.com
5e7a480b-a507-4b40-925e-eabf76b78a96,Sanderson0,Affleck0,saffleck2s@drupal.org
ed065b67-ccf3-4165-ad29-1961a76c458a,Stephi0,Baish0,sbaish2t@tiny.cc
2f3855b0-606b-4150-9d73-12390f40549b,Janene0,Kennedy0,jkennedy2u@ox.ac.uk
920bfba3-4c4b-41e4-9cd6-3e1f32dec820,Augusta0,Van Cassel0,avancassel2v@senate.gov
2d076a59-dca2-4e8a-bb63-550d42b04381,Giffard0,Bartolini0,gbartolini2w@pinterest.com
40cf9dfe-373d-483e-bdee-77d8c0c7d97b,Johnathon0,Hannabus0,jhannabus2x@home.pl
043c5e53-911e-4bf6-b28c-f7bf3a582c75,Kirsti0,Trever0,ktrever2y@narod.ru
ce68d9b9-fcaf-4d2f-ad58-1dbcc8ed5387,Orton0,Blazej0,oblazej2z@delicious.com
c22d4d8e-543a-4953-9d87-d8aba31d9858,Lucy0,Lochrie0,llochrie30@sina.com.cn
1de4c89f-b054-4ca4-bac5-3a304d4f4152,Pincus0,Rosenfield0,prosenfield31@state.gov
20fb5a7e-e99b-4175-81e9-3d0affa85eff,Basilius0,Carrett0,bcarrett32@furl.net
75af8b95-6138-4643-93b5-6a3e284443cf,Emmet0,Etridge0,eetridge33@telegraph.co.uk
cae30a74-73be-4e2e-ba34-8756d7d2f5e5,Bronnie0,Gullefant0,bgullefant34@cnbc.com
660e1c03-5696-4496-8aac-625befcadc2e,Fairlie0,Southwood0,fsouthwood35@soundcloud.com
c4dd1297-07ab-4252-8efb-353060ab30f1,Fidelio0,Bardill0,fbardill36@gravatar.com
559bd89e-29d5-4a72-a09c-d419ad00d366,Caitrin0,Weaver0,cweaver37@twitter.com
17a0efe5-4adb-44e8-bbb0-dd06fa7804c8,Harris0,Amiable0,hamiable38@eventbrite.com
fd51b16f-ad3f-429b-8d07-edd973b23c9d,Dame0,Walklott0,dwalklott39@multiply.com
26d9a94c-46a3-49ff-b37f-bdf050cee1b4,Edvard0,Jose0,ejose3a@tumblr.com
5f627b3f-e479-43e2-a0cc-6968e95e568a,Farrell0,Marioneau0,fmarioneau3b@craigslist.org
c91be4c0-afd6-460f-98c3-fe325bd0646d,Constantina0,Watkiss0,cwatkiss3c@goodreads.com
f3dba4bc-3606-4598-b48b-4b39fd8609e1,Erny0,Allix0,eallix3d@amazon.co.uk
e88e87ca-281d-478e-ae74-6d4a585aaa57,Doloritas0,Streather0,dstreather3e@gizmodo.com
e87c1cc6-9abf-40c5-a536-79a2858f05e0,Sandro0,Carson0,scarson3f@ifeng.com
eabf713f-8be3-4080-be5f-bfe6837121d1,Rafaelita0,Andriessen0,randriessen3g@google.fr
5bb3f620-baa9-4781-a62e-816a04b2d2d5,Emmaline0,Lenox0,elenox3h@123-reg.co.uk
f7680cd3-01f2-4d33-b81c-1781fc99dded,De witt0,Ludwig0,dludwig3i@buzzfeed.com
6d6c8230-6c86-4a81-aa5d-3821bfa14236,Anabelle0,Arthurs0,aarthurs3j@miitbeian.gov.cn
b8371c20-1a6f-40c4-b3d0-e9261e6fcd9a,Afton0,Elkin0,aelkin3k@hao123.com
d902f990-03ec-4b9b-8255-ba29127b0cd1,Elwin0,Gater0,egater3l@shinystat.com
ac299b88-663a-45ef-9bd9-3b71327b2776,Baillie0,Braban0,bbraban3m@geocities.jp
39c59c12-84c4-4be4-924c-79b15f12518e,Clari0,Elmer0,celmer3n@reverbnation.com
cffc9e82-fefe-4cd2-8a4e-d27024ba370d,Amelina0,Wadley0,awadley3o@domainmarket.com
4e7fdc73-b27d-431e-a550-a58abbb7fac4,Ibbie0,Quakley0,iquakley3p@tiny.cc
b07a4ad9-9e02-4dc1-b66f-74309c54c7c5,Konstance0,Cabena0,kcabena3q@time.com
13ff8967-b284-472f-aee3-7eed450ed97b,Abbey0,Shenley0,ashenley3r@census.gov
77f3c30f-5e73-4b5c-bb66-dce268b24e7e,Onfroi0,Ayrs0,oayrs3s@netlog.com
28ca2f93-3b3c-41ab-8831-a8057bc62ed2,Aldous0,Waiton0,awaiton3t@cornell.edu
de1f3419-672c-41c1-a025-7087960826f8,Jacinthe0,Jahndel0,jjahndel3u@quantcast.com
ec70e330-05c1-40ee-99c2-c8b821f49dd1,Manda0,Commander0,mcommander3v@tuttocitta.it
a661f7fe-17d3-4d08-8fd9-53b93d92b9bd,Fae0,Manueli0,fmanueli3w@wisc.edu
926deb6f-202f-445d-94d0-4f375afdb5c7,Tommie0,Tweedy0,ttweedy3x@time.com
6fbac0f0-59a5-43b7-8cb4-3dfa6b28fda7,Dewitt0,Giacometti0,dgiacometti3y@oaic.gov.au
6a3ec7d3-0a8f-4bd9-b1f2-f202897686fd,Louisette0,Vaugham0,lvaugham3z@creativecommons.org
fb545eeb-b5cf-4bb7-a253-386d7bc4c95f,Ryon0,Penhale0,rpenhale40@printfriendly.com
036a3b58-1564-4bc0-9bab-4e75dabde7ea,Malchy0,de Villier0,mdevillier41@mapy.cz
06d3fa01-4a85-4760-9435-1a5daa09d6d3,Orly0,Carruthers0,ocarruthers42@bravesites.com
c52fd0df-c967-4873-a396-e1e2c772f2c8,Juline0,Pionter0,jpionter43@nymag.com
b812581d-d6be-42ae-8c69-ebc3051cb8d3,Dev0,Callendar0,dcallendar44@naver.com
ea507c50-c5d2-479b-bf20-5b7dacdae987,Gabi0,Lamb0,glamb45@amazon.com
19aacef7-b4e2-4592-81ab-d977e8add223,Teresita0,De Bruijn0,tdebruijn46@nymag.com
f74d231b-b1b0-424c-9189-17272b1a959d,Kahlil0,Newitt0,knewitt47@baidu.com
01b5c29a-bcfc-4f01-b2b4-916ce034e0d1,Janeczka0,Pluthero0,jpluthero48@themeforest.net
f5ec0ff6-bb89-4d19-82e1-51542c6d7bcc,Xylina0,Ungaretti0,xungaretti49@hc360.com
613e1061-235a-4e13-9c87-3dfe4b2aab00,Libbey0,Elloway0,lelloway4a@irs.gov
d03860d7-a289-4523-a7fd-e55de9210b40,Adey0,Applewhite0,aapplewhite4b@miitbeian.gov.cn
9b04c0d6-d429-494d-9e32-61fd322c0683,Minetta0,Biddlestone0,mbiddlestone4c@dedecms.com
358245a3-4806-4737-a5da-6fb97b412ea0,Trixi0,Merman0,tmerman4d@howstuffworks.com
07d5ef84-ddae-4315-b06d-f7a9a7f94c6e,Lavinie0,Chicotti0,lchicotti4e@theglobeandmail.com
1205708a-d73f-4062-b98e-300e443f93e2,Ronnie0,Tearny0,rtearny4f@cnet.com
4006cf35-507d-4184-a8bd-6785ad937def,Berke0,Baudino0,bbaudino4g@newsvine.com
d67c4b94-c3c3-488b-882f-e45234e09950,Sande0,Cicci0,scicci4h@reuters.com
0c66f783-a6c8-4f92-937a-a4904c5fb060,Cinda0,Jeffery0,cjeffery4i@dropbox.com
7d914ec6-b66b-4795-87b2-10800b73d341,Sibylla0,Cowwell0,scowwell4j@businesswire.com
1d5a6c84-711c-4f6f-8336-8255aea44999,Freddie0,Seabert0,fseabert4k@newyorker.com
99da3b54-3462-466b-96d5-24fc00b33b87,Mathilda0,Wethered0,mwethered4l@sourceforge.net
62228a70-8517-4153-81f0-723c7e258605,Terrence0,Peploe0,tpeploe4m@woothemes.com
b3ea06bd-c8ca-45cc-9384-353ef6b61bcd,Murdoch0,Airton0,mairton4n@de.vu
fd55a74d-79a9-47f9-924f-3233cbc86937,Andriana0,Sonnenschein0,asonnenschein4o@marketwatch.com
58fd0205-126c-46ac-ba1a-db0a2e547ad0,Bronnie0,Ostridge0,bostridge4p@toplist.cz
f69cc64d-9f8c-4639-8a86-da6e36c71098,Woodman0,Ambrois0,wambrois4q@theatlantic.com
5e17ee56-d4db-45fb-9d2b-a54a9738ba86,Dniren0,Brindle0,dbrindle4r@vistaprint.com
5c401df6-f303-4ff4-ba1b-2579e2ccae7a,Winny0,Telezhkin0,wtelezhkin4s@techcrunch.com
5d35ebcf-dafd-4d1f-8cde-0e09ca520a0c,Briana0,Lapree0,blapree4t@wikispaces.com
71a951c3-de57-40fe-90e2-f94599c2256b,Kettie0,Holby0,kholby4u@wikimedia.org
e134fdaf-db95-47ec-b606-079f2549b02c,Sergeant0,Clementel0,sclementel4v@stanford.edu
5ce32e90-97e8-457f-a96a-aba718eb70e2,Felix0,Burgne0,fburgne4w@geocities.jp
47ade6eb-9dd8-4446-a138-93a76ff385e7,Nollie0,Fawthrop0,nfawthrop4x@studiopress.com
6d6c0c8e-11ae-4e1d-95be-645ed9d3b231,Erhard0,Oulner0,eoulner4y@engadget.com
e59a5235-dea6-4667-87a0-3f168b19ea1c,Broddy0,Clinnick0,bclinnick4z@bravesites.com
21e144f3-8f7f-45ff-8134-55ef5941b884,Victoir0,Shimmings0,vshimmings50@hud.gov
98a60bc9-68b8-4312-bdba-7c1c4631064b,Frances0,Sayre0,fsayre51@yellowbook.com
42dba45a-73be-4c33-a6a9-088ba741f2f8,Kaile0,Langley0,klangley52@miibeian.gov.cn
192dcb53-adf3-489d-af47-df7de2852544,Vaclav0,Pavlik0,vpavlik53@flavors.me
7a07bf4a-a329-46e3-94ba-4ecd6c1d1fbf,Germaine0,Gelderd0,ggelderd54@deliciousdays.com
dedac16f-4833-41d3-8678-2c1338828eae,Herbie0,Oakton0,hoakton55@wikia.com
3c34be4f-5068-468d-81ed-d515a4d4c1bd,Worth0,Livett0,wlivett56@xinhuanet.com
ce4d007a-0101-4580-aa5a-427c988795de,Dom0,Besnard0,dbesnard57@samsung.com
ba613af2-0570-4596-a357-181a4167e75f,Loydie0,Tuhy0,ltuhy58@tamu.edu
8da197cb-4d5c-4396-a33f-3b125afb4640,Agnella0,Hundey0,ahundey59@goo.ne.jp
9ae1c706-05ec-457d-9783-e17339c621d3,Adi0,Matz0,amatz5a@indiatimes.com
a5d8a81c-d5ae-4fcf-acd8-f52b77ed423b,Ellsworth0,Joynson0,ejoynson5b@deviantart.com
078514e4-e27a-4d30-b86f-ed71ab286d56,Derk0,Knock0,dknock5c@unc.edu
4183da67-d845-42d1-b0db-2743191cd317,Dehlia0,Trewhela0,dtrewhela5d@aboutads.info
a620ffd0-14a3-4623-80ef-7b3a8bc58183,Titos0,Seivertsen0,tseivertsen5e@vinaora.com
f04b617b-8aca-40af-8674-26f1a1c94c9c,Ulysses0,Matussevich0,umatussevich5f@gmpg.org
b2fadea6-4dff-4296-b7be-5fb124fd1ba9,Kath0,Waleworke0,kwaleworke5g@smugmug.com
34a69cb7-21bc-4850-a706-179e551b29a2,Byrle0,Warr0,bwarr5h@wired.com
df5e00b2-cc48-44d3-bc9d-59233889e9d5,Jere0,Hoovart0,jhoovart5i@people.com.cn
1dca459c-c3bb-4e23-97d8-1c2e2679114b,Petrina0,O'Cahey0,pocahey5j@cisco.com
66a0ae07-a578-415d-82a0-87164f9287fe,Elfreda0,Lindeboom0,elindeboom5k@w3.org
183b2fc5-e403-455c-ac84-b7b10d30d5b8,Godard0,Vedeshkin0,gvedeshkin5l@vimeo.com
1edc2bdf-1110-43f7-88bb-24130151b9ee,Shellie0,Vasishchev0,svasishchev5m@psu.edu
dada2c89-c12a-49b6-a8a7-0c0ab066b1b6,Nicholle0,Fegan0,nfegan5n@gizmodo.com
98ad6f0e-ed72-40c9-8d0d-f863d30f6820,Cynthea0,Parton0,cparton5o@umich.edu
70af5fc6-2aa2-4bca-86d8-b30375a8261e,Gaylene0,Peirson0,gpeirson5p@prlog.org
95530326-9dce-491c-a3ac-ae01645de7aa,Pearle0,Kick0,pkick5q@uol.com.br
c8b6ddad-fa28-4832-950a-3dfb671102a0,Mickie0,Parkin0,mparkin5r@yandex.ru
6cbb9baa-84f0-45bf-9587-2386c6b69392,Grazia0,Hanscomb0,ghanscomb5s@rambler.ru
0cd2b3fe-363c-4536-9fcb-154b3b416b6c,Corissa0,Daughtry0,cdaughtry5t@4shared.com
05be4f71-8cdb-47c8-9c99-ab7933805cd0,Georgena0,Tullett0,gtullett5u@wired.com
8e925126-a224-4c16-b63d-44fdbf549122,Rosalynd0,Catterell0,rcatterell5v@baidu.com
c8edbca3-e7e6-4f5c-9a40-264c953c5ae4,Feodora0,Reynold0,freynold5w@time.com
e0dce488-b025-404f-b19c-bac00b4c1326,Janith0,Loft0,jloft5x@tinyurl.com
8bb3fad4-825b-4ce1-bbf4-d88951b55c3c,Jarrett0,Mulhall0,jmulhall5y@paginegialle.it
bfe0dd32-2d7f-47f9-bf60-5d6ae43737d2,Jackie0,Burgise0,jburgise5z@chron.com
e1751e0a-b58f-4e7b-9edd-efccace964af,Seumas0,Chimenti0,schimenti60@flavors.me
de9e0ba1-13ba-4828-bad1-bca6b91c6f12,Madlin0,Farrell0,mfarrell61@dion.ne.jp
8940979e-d05d-4dd2-9629-020620a84c4c,Bathsheba0,Radage0,bradage62@delicious.com
2c137577-f5d3-4054-a841-c16599477fc5,Collete0,MacGowing0,cmacgowing63@acquirethisname.com
79bd4c58-eccd-4649-bd78-904000b0e881,Johnette0,Nannizzi0,jnannizzi64@ted.com
6e837085-928e-4745-ae97-af302bf31d88,Anselma0,Pemble0,apemble65@booking.com
dd72ddcb-6916-4a30-899a-e293bbfab77d,Monti0,Gillison0,mgillison66@sina.com.cn
2b72c5ec-8075-42aa-b15f-d18c90deaf2c,Adair0,Bardill0,abardill67@eventbrite.com
ad7a223f-6709-40df-9084-71cd0206047f,Alika0,Tschirschky0,atschirschky68@oaic.gov.au
6292405f-6348-4435-8ea3-4c1cbd7bfb6d,Rip0,Found0,rfound69@geocities.jp
6b48cbcd-a15e-4fbf-9f92-f03fcf315b92,Reggie0,Chalcraft0,rchalcraft6a@blogspot.com
e08aa5c1-598f-4db8-b781-e6d02dbf8dc2,Kennith0,Fiske0,kfiske6b@dmoz.org
bbe0cf08-72b2-449a-b271-ccc0efbcb6ce,Sonnie0,Mulcahy0,smulcahy6c@hud.gov
2fd5308a-93c2-42b9-8667-b41a7d36a992,Brose0,Giovannacci0,bgiovannacci6d@etsy.com
ad432b37-dce7-46f4-9724-d95cefd61818,Gage0,Billo0,gbillo6e@weibo.com
d7222258-7b98-40ef-8115-b055f0771a50,Ricky0,Habishaw0,rhabishaw6f@tripod.com
97da6f34-651d-4209-8f66-3b4fb94f336d,Celine0,Bolino0,cbolino6g@eventbrite.com
3b20cf0c-f0f2-431f-9e5d-0abed426994e,Marsh0,Creffeild0,mcreffeild6h@time.com
65d6d609-6102-40dc-b7fb-884a635c5347,Bord0,Cann0,bcann6i@reddit.com
fddaddb8-15fa-4f82-a525-0688582afaa9,Floris0,Edon0,fedon6j@gizmodo.com
4deef68a-2ccf-42a7-a8ae-d75c34cb8ca8,Maxie0,Wilgar0,mwilgar6k@baidu.com
ff860929-614a-4f22-98ca-4c8e7c272da5,Ilario0,Papworth0,ipapworth6l@github.com
6d3f83ce-3cf3-4e46-89ff-ac45be297c2e,Marybelle0,Reuble0,mreuble6m@sfgate.com
c5e1a154-dfeb-4f36-a56f-b0969321945a,Price0,McAlroy0,pmcalroy6n@taobao.com
e7f0b095-6ac7-4ec5-9510-c07c112efbeb,Phineas0,Turney0,pturney6o@webmd.com
612ac36e-0a7c-45d3-8d78-8da0b028b277,Dermot0,Whitehall0,dwhitehall6p@over-blog.com
aa2a5981-00eb-460d-98df-54b795c7f7a2,Xerxes0,Brayn0,xbrayn6q@army.mil
2421f09d-64f4-44ec-872a-dd68ab182540,Adoree0,Josiah0,ajosiah6r@dell.com
79936d2c-4e8a-4b5e-acd4-90736380a948,Lauralee0,Kurton0,lkurton6s@loc.gov
bd5ede2f-1782-4d11-ab6c-26ee1537c619,Florence0,Foxwell0,ffoxwell6t@cnn.com
a3d21e05-44fb-4ac6-9489-229f883fbd1c,Monro0,Erswell0,merswell6u@lycos.com
c488882f-a6bf-4683-8272-6acb7bafc780,Robby0,Brand0,rbrand6v@slideshare.net
60329de0-9754-4ee0-bbe8-541122b7b8ca,Olvan0,Kenninghan0,okenninghan6w@usa.gov
326352a3-0421-48ae-94f6-b96f89d98570,Daven0,Claydon0,dclaydon6x@diigo.com
a1843b6e-c149-40db-b119-0f0c488088dd,Arlina0,Veryard0,averyard6y@toplist.cz
a0c95467-01b7-4885-af12-468dd5a68f6b,Stillman0,Prydden0,sprydden6z@time.com
ec391275-18b1-4b78-b6a2-3739a759ff8a,Cordi0,Juckes0,cjuckes70@hibu.com
48a712fe-5993-4897-9ece-0548ca32cebf,Ettore0,Dolton0,edolton71@acquirethisname.com
ced2384f-82f9-4275-9c79-5c108e87ca69,Donal0,Izon0,dizon72@craigslist.org
491c031d-cf0b-41b3-8945-aa03350d2887,Sascha0,Patershall0,spatershall73@spotify.com
a7318e89-e82b-40ce-b57f-1d41219efe65,Christan0,Bluett0,cbluett74@elegantthemes.com
58ede900-4d41-4758-9f82-0769295c5e39,Elinor0,Gallelli0,egallelli75@spotify.com
3303b8ba-3655-4262-820e-1dd44f46d7db,Barnabe0,Gumbrell0,bgumbrell76@cocolog-nifty.com
d800252d-03ab-4ca6-93f6-39b3a867c7d6,Jonas0,Golly0,jgolly77@pcworld.com
f40df86e-d2f6-42d9-8afd-14c4665dff25,Sheba0,Hindsberg0,shindsberg78@amazon.co.jp
cc775e03-c2bd-4850-94d3-9c3c0c8e4204,Renard0,Kindall0,rkindall79@epa.gov
f2ed4121-feee-4480-bcab-f4dac1f96073,Lammond0,Nijssen0,lnijssen7a@acquirethisname.com
ca0a2a68-825c-4a59-a9cf-58f9045254ed,Shirleen0,Leftbridge0,sleftbridge7b@imageshack.us
6672f779-cd4f-4065-a630-494a3956953f,Sidoney0,Marflitt0,smarflitt7c@narod.ru
6f6dba52-b5cc-43e9-8e6d-a51320ae9b9d,Anett0,Gostridge0,agostridge7d@amazon.co.jp
e5f2b075-e7e4-43a6-8835-dbbbcb2d704c,Deck0,Fursland0,dfursland7e@imdb.com
e4c322e1-a7f6-48ab-ae06-39c7d098b7da,Rem0,Muff0,rmuff7f@stanford.edu
55dcf9c5-81ad-4127-b646-108ba2bc4572,Maddy0,Ramalhete0,mramalhete7g@google.es
d2361fd2-d4d8-498a-8122-f9041117ba0a,Kaitlyn0,Whaplington0,kwhaplington7h@sitemeter.com
97b2ae1c-b45e-4707-8f0b-4602508f0157,Haskell0,Bracer0,hbracer7i@e-recht24.de
33137161-d3ca-4fbe-a713-88f5bb9c3d2a,Sherlock0,Follan0,sfollan7j@google.es
11368550-7e3d-4f3f-afc7-90a1187bb128,Fredric0,Sabine0,fsabine7k@hugedomains.com
ce3062ef-a6b8-487f-9734-d09fffcf19bb,Genovera0,Rousell0,grousell7l@w3.org
1ed38f89-9cef-430e-abd0-851049ce0bec,Rutger0,Vere0,rvere7m@ed.gov
22cec291-a833-459f-87d6-9cac8d2da2bf,Cosme0,Priddie0,cpriddie7n@uiuc.edu
e8e77ae1-d348-4288-ab0f-c5ddbd54b986,Daffie0,Pawle0,dpawle7o@cpanel.net
38321737-4e3c-415e-8ade-255fc339c1b6,Georgeta0,Swale0,gswale7p@bloglines.com
51aa292f-c998-41f0-a57e-2a8c15c0edb0,Modesty0,Daffey0,mdaffey7q@google.ca
4bcdb34e-7ae9-4969-8e5a-a125d379c777,Nisse0,Bertl0,nbertl7r@nasa.gov
850850b5-fa40-4ee3-ba57-1b2f4efe2acf,Elle0,Arrighi0,earrighi7s@dell.com
9ec997ea-31bc-4497-a387-1b1fe5cfe9a3,Thomasina0,Gauntley0,tgauntley7t@mlb.com
30c629d1-dc18-4590-a230-5436afc83bc2,Keenan0,Barajas0,kbarajas7u@spiegel.de
f1e08aa0-e2e4-4c0d-9b1f-6ce2509c474f,Bobbette0,McCullough0,bmccullough7v@columbia.edu
80775bdc-48da-481a-be28-6f1090c225d6,Sigismund0,Lefley0,slefley7w@angelfire.com
b194549f-d623-4ee5-b616-a61047fcd676,Prudence0,Wailes0,pwailes7x@squidoo.com
29ae43ef-ca0d-4ae3-a77d-b092341b60c9,Charmain0,Armell0,carmell7y@vistaprint.com
431f9a5d-7d53-41c4-8879-6d675ba26dad,Linus0,Julyan0,ljulyan7z@amazon.de
e6186161-98ae-4312-86d6-0abbd1730823,Eustace0,Napoleon0,enapoleon80@pagesperso-orange.fr
ea5da272-df2d-4874-8299-10ace66e7bbd,Carrissa0,Copelli0,ccopelli81@yahoo.com
af98bb7c-4b9b-4984-84cd-a20f71f07ee8,Alina0,Baythorp0,abaythorp82@flavors.me
76bdf566-a9a5-4dba-b1ad-906a575f1b33,Cyrille0,Yedy0,cyedy83@umich.edu
80e07b8f-6c98-493e-8c85-3e544390f0c5,Lyman0,Wankling0,lwankling84@domainmarket.com
2b6b6fab-b8cf-4cde-bc09-be669fca114f,Konstance0,Wayne0,kwayne85@nytimes.com
5d7fa908-89b9-4709-a4a5-a74ca348c87e,Allsun0,Croall0,acroall86@dyndns.org
0642865e-cf4e-4069-a100-fb3c89fdfd14,Dukie0,Hazell0,dhazell87@stumbleupon.com
86e51ec9-c00c-49d3-b134-f1b9a0e67dbe,Garv0,Bambrugh0,gbambrugh88@woothemes.com
d70b07c0-227f-42a8-b810-71fa13610db2,Rutter0,Paulitschke0,rpaulitschke89@php.net
f8f8216f-a38a-4d00-ac37-ed4b06d7987c,Berkley0,Smeath0,bsmeath8a@howstuffworks.com
6f5b8224-9717-40cf-9803-ff3245655ef6,Blinny0,Wardall0,bwardall8b@blogger.com
1fb5f8e5-414c-43dd-92d7-1a07c882d75f,Gerladina0,Cardillo0,gcardillo8c@cnn.com
5152c3c8-73c0-428e-ab2a-4a5c148c6826,Aldus0,Cokayne0,acokayne8d@weather.com
5622725f-8ee9-45d6-9cba-023b93d06920,Krishnah0,Sibbald0,ksibbald8e@spotify.com
bb9df270-1d7d-4a6a-a1eb-894df187d676,Charlot0,Doyley0,cdoyley8f@jalbum.net
65ed8d48-534a-442e-a8f1-11f1de2da705,Vanna0,Cutchie0,vcutchie8g@livejournal.com
71866161-7396-4708-adb2-2e116dd3fcd8,Odie0,Howatt0,ohowatt8h@yelp.com
b74e72d3-a487-4c3c-b151-0c22b5265b72,Shepperd0,Spenton0,sspenton8i@princeton.edu
2d0d83ac-4843-435d-a5d8-1c3a729b9130,Mahmud0,O' Dornan0,modornan8j@time.com
3af5292d-335a-4052-98df-5eb0fc8ca618,Barnabas0,Kennealy0,bkennealy8k@ovh.net
9abeb0d2-b7ef-4a4c-88d5-28f5c8e87a62,Louise0,McLurg0,lmclurg8l@hatena.ne.jp
b6fb786a-3216-4f66-9863-8554a71174ff,Uri0,Greatland0,ugreatland8m@hubpages.com
2bbec87e-7b0a-43b5-bc1d-9df18cfd02b0,Eugine0,Trundell0,etrundell8n@miitbeian.gov.cn
8bd1e607-a294-466e-a570-37e1fcd5c748,Berti0,Brasner0,bbrasner8o@auda.org.au
79d3a344-7ed6-4440-a179-bff13b7133b0,Rebecca0,Reynold0,rreynold8p@usnews.com
f8736776-dcf2-4185-8fb0-9b18582b8f70,Blane0,Salmons0,bsalmons8q@alexa.com
aa6acc0d-3d20-407b-a8d0-85deca5af2b1,Caralie0,Syred0,csyred8r@nyu.edu
3855a00c-1dbd-4285-81f9-d0e29a94cbe9,Lucine0,Learned0,llearned8s@techcrunch.com
a62904af-14ea-4a03-bde0-d9d54993cede,Adele0,Ferrieroi0,aferrieroi8t@disqus.com
72273081-6081-450c-975f-de3753bf0fa3,Cyndi0,Hardington0,chardington8u@weibo.com
3aeeebaa-a880-4775-90e0-5cac9eb5b4d2,Charlie0,Mannock0,cmannock8v@latimes.com
b4d1ba62-14dc-46ed-b110-ca89a97c791d,Elsworth0,Anthill0,eanthill8w@artisteer.com
d64c8e8f-5b17-4024-95aa-203c98665338,Asher0,Coultass0,acoultass8x@walmart.com
469d4d23-1567-482c-9d02-bfe94598f0d8,Toinette0,Ingles0,tingles8y@bloomberg.com
651cfdd0-6645-4bbc-b9fd-0010c7a7c2e5,Ber0,Antoszczyk0,bantoszczyk8z@deviantart.com
e3441d1c-6ad1-46a6-b892-70127901efce,Blythe0,Mew0,bmew90@wiley.com
89305ce4-e4ea-453b-bbad-07b8fdbb5fce,Ronnica0,Menci0,rmenci91@godaddy.com
bb4582d5-17e1-4217-996c-770414eb5015,Emeline0,Karleman0,ekarleman92@mapy.cz
75ca9ff8-e162-40be-a054-57fb952d841d,Selle0,Sonnenschein0,ssonnenschein93@i2i.jp
69ff9f75-860a-42a2-bfe9-931dace122e0,Josepha0,Plaistowe0,jplaistowe94@example.com
d7c35749-f5a5-4f99-8757-8560618a8514,Cobby0,Russen0,crussen95@miitbeian.gov.cn
35877cd7-56b6-4742-abf1-7ffb64d4d3d4,Kelley0,Harpham0,kharpham96@naver.com
7f6e3df9-efbf-4310-b5e0-d5b6a6c88039,Husein0,Waberer0,hwaberer97@chronoengine.com
facef8e9-2f6b-403b-a3d0-2c6b735683f8,Pattin0,Sproat0,psproat98@vimeo.com
4ae917e2-3d3e-42a1-a013-b04a44348314,Winni0,Kleinfeld0,wkleinfeld99@discuz.net
7b9af060-31ea-4fe2-ae6f-c9d7781a705a,Adorne0,Pinkerton0,apinkerton9a@webmd.com
e7fbb90e-b6f6-4e69-ac25-f58c5ccc54fa,Trudey0,Abramovicz0,tabramovicz9b@bbc.co.uk
c3aef2c7-ddef-4bd4-8d78-0b834646580a,Hally0,Kleen0,hkleen9c@guardian.co.uk
a01dee7b-b1a5-4779-8e6d-cf7e9d37838b,Jordan0,Marian0,jmarian9d@jugem.jp
b6b651e9-67fe-4f01-9d34-87a828451bf3,Biron0,McMurray0,bmcmurray9e@webnode.com
e6f03994-897a-41ee-8daf-1b312b0557f0,Audie0,Goundry0,agoundry9f@miibeian.gov.cn
f45ef80f-a0e8-4bfe-9a72-2f809c166657,Else0,Matiebe0,ematiebe9g@a8.net
1fc512bd-65b2-424f-a762-328d339a5c34,Bil0,Noulton0,bnoulton9h@is.gd
a2c68283-6245-46f9-9c25-75336ec1bde7,Garreth0,Greenman0,ggreenman9i@disqus.com
25406a0b-a7af-4788-8a90-2c92f99c640b,Max0,Rendbaek0,mrendbaek9j@people.com.cn
c6a32d44-9e88-407f-8bf3-de67c8eb7ef7,Emma0,Frenzel;0,efrenzel9k@macromedia.com
a58cc9db-a366-498a-847c-bbca8d3537b4,Clarice0,Gillies0,cgillies9l@cloudflare.com
30008a12-225c-403a-90c5-33d1c474ef81,Yvonne0,Henderson0,yhenderson9m@geocities.com
69c652c7-ea2e-4de6-955a-bf4532600424,Waneta0,Lavington0,wlavington9n@joomla.org
48874b02-c61c-4082-b2b1-398a84f6ce1e,Rafaelita0,Gregoretti0,rgregoretti9o@soup.io
e8c1346b-f9ea-4c3a-91d9-d3090485512f,Meghann0,Dodridge0,mdodridge9p@naver.com
4e6e84f3-760c-40fa-a877-e164efa4945b,Brendin0,Capehorn0,bcapehorn9q@list-manage.com
2c7140cb-83cf-4318-a5ff-123e9b6df9a3,Jayme0,Phizackarley0,jphizackarley9r@yellowbook.com
546dfbbf-88a0-46b3-a81c-9d205f230670,Kingston0,Santo0,ksanto9s@wix.com
975ec399-7bab-4c9f-83d3-cd36234ca104,Sophey0,Wormald0,swormald9t@columbia.edu
c0fe4417-d8bb-4930-9648-ed444c38ed01,Noelle0,Batting0,nbatting9u@psu.edu
a5d19067-50ab-4897-a6e0-d2bc9af03b2d,Cammy0,Cammell0,ccammell9v@rakuten.co.jp
62fe4a56-e78f-4ed5-bef1-8e59d19ec4d7,Erma0,Mobbs0,emobbs9w@ovh.net
767dcba5-108e-4ac3-9334-deb6ec015096,Nefen0,Kennaway0,nkennaway9x@archive.org
ec95b1e7-ac41-4fde-8958-9d5e683de164,Phip0,Winstone0,pwinstone9y@nbcnews.com
0dbf81ca-c0a5-4cfc-af87-cf633fe6b78f,Winifield0,Lascelles0,wlascelles9z@wsj.com
c99a459a-ac72-4f20-9f15-f7ed9fb3450b,Quinta0,Beedon0,qbeedona0@360.cn
f990ba53-8689-426a-84f8-7b2a017207a5,Alexandrina0,Checketts0,acheckettsa1@nifty.com
076f75a2-04e1-4566-afee-f136a15c14a6,Goldie0,Driffill0,gdriffilla2@theatlantic.com
3f882652-fe32-445c-b4c3-53cf8cc96b4f,Adria0,Syseland0,asyselanda3@dyndns.org
71f50fe0-e1f9-4005-9d97-57bda4b95d38,Dalton0,Elsley0,delsleya4@networkadvertising.org
52ff90f0-aab0-436c-8eb7-39649707dcb4,Luke0,de Zamora0,ldezamoraa5@ow.ly
8d59e284-7e48-4653-85ef-4469fb3509ca,Cindelyn0,Kidder0,ckiddera6@nba.com
e783c7aa-faaa-4ea1-a304-3dd730b445aa,Winny0,Lidgate0,wlidgatea7@paginegialle.it
076c394d-8ce8-443a-8489-d678bb1b7bd8,Kristofer0,Kentish0,kkentisha8@abc.net.au
596a03db-111b-4cfe-9042-e8ec74a1f7a2,Ginni0,Sturror0,gsturrora9@usda.gov
d9175376-f2a2-4f02-8a7e-f7eeb69d0884,Rosalinda0,Le Quesne0,rlequesneaa@jimdo.com
c709c1a5-cba8-4817-b113-653615d6bb51,Jada0,Rothera0,jrotheraab@technorati.com
f95571a3-a97d-4acd-9866-dee1a4094742,Augusto0,Livezey0,alivezeyac@accuweather.com
10488081-b097-4669-bd41-36450bfe9a6d,Sherwynd0,Body0,sbodyad@wsj.com
a4d54989-131d-4548-a2ee-e07a928f00a9,Garreth0,Viste0,gvisteae@parallels.com
c4cb9281-ac52-45e2-9dc0-09d22c3c20cd,Naomi0,Urrey0,nurreyaf@sun.com
7136d2a3-fe11-48e3-98c2-b5847e46b095,Randolf0,Toal0,rtoalag@spotify.com
2737ace1-09bc-42f4-8efb-32e9c92d5701,Jasper0,Gailor0,jgailorah@goodreads.com
3d153624-a0c7-4ca6-95e8-c9d781a6bf2a,Chrysa0,Jorck0,cjorckai@usatoday.com
67fddcb3-0374-4a9e-aca1-c0e0a62aa1c3,Hali0,Collingridge0,hcollingridgeaj@amazonaws.com
d774aa96-3971-48ea-b56c-803e7e3a186d,Raychel0,Swinnerton0,rswinnertonak@shop-pro.jp
c8c34bf0-af43-4f43-b967-84b37f980165,Jorey0,Mebius0,jmebiusal@meetup.com
817419a5-e1a3-4371-bcc5-c1c47fb713b6,Emmott0,Willment0,ewillmentam@freewebs.com
fd5edcad-d33d-45cc-bf93-335ec1ac7c43,Valentino0,Skittrall0,vskittrallan@fda.gov
6656b57e-9482-4426-838a-c93535b5b920,Boigie0,Frizzell0,bfrizzellao@gnu.org
ee2a2394-0c99-4362-8853-92ab5134e8a9,Ursula0,Willett0,uwillettap@edublogs.org
a2218193-a0d1-4071-8c6a-46114695a90f,Thayne0,Spadollini0,tspadolliniaq@webmd.com
2d444a6f-4f9c-465d-b83c-6bfdee6dc94b,Krystalle0,Frissell0,kfrissellar@imgur.com
bc6741d1-e52c-44ca-8661-06e090ac65ed,Lyndy0,Lightbowne0,llightbowneas@naver.com
52e29b6a-2f18-4f68-88a9-21e4fcf08c7f,Cecilius0,Davies0,cdaviesat@blogspot.com
9aac6cc5-6433-4884-8611-d05a08a5d363,Eldin0,Potteridge0,epotteridgeau@prlog.org
561bd6fd-e4ce-4b79-aabd-639a5cd5d7d0,Egbert0,Standen0,estandenav@amazon.com
6ac8fb2d-bc58-43bb-ac34-c1686fec5408,Debbi0,Adamovicz0,dadamoviczaw@google.it
28968a67-1684-4c37-8af6-107093283699,Caresse0,Schiesterl0,cschiesterlax@weebly.com
5bf935cd-c0bb-45e2-b406-be384c26298a,Doloritas0,Strugnell0,dstrugnellay@wikispaces.com
a51762c4-a3ce-4bd3-a736-8377e2e39dad,Norma0,Guidetti0,nguidettiaz@yellowbook.com
9a80a478-496f-407f-ab42-645b8f4ff226,Rhoda0,Josland0,rjoslandb0@tiny.cc
6ddab4a7-f45c-41ba-a2b9-2899b0b608a4,Harley0,Milborn0,hmilbornb1@walmart.com
cb2db3be-fd57-4852-9f5b-2bc44fc554b4,Merrill0,Broster0,mbrosterb2@google.es
2ae4646c-ca7e-4e49-a097-5864c0365aff,Huntlee0,Depka0,hdepkab3@nymag.com
0f47d176-1a37-484c-9637-41f8db2df902,Louis0,Marcum0,lmarcumb4@ihg.com
6929c761-c716-4de7-9faf-9a010db6f695,Belvia0,Tungate0,btungateb5@ezinearticles.com
657806af-8cc4-4446-b687-2595ba12b899,Vasily0,McDermid0,vmcdermidb6@php.net
c46436dd-e151-4d21-a306-7a94d8707f2a,Demott0,Pyford0,dpyfordb7@github.com
c73bb894-6dbb-48a3-ae1f-847ec3b770b5,Shelly0,Sach0,ssachb8@europa.eu
7c4a3511-d804-4442-83dc-bcbf59702462,Francine0,Wynrehame0,fwynrehameb9@google.it
6520b4d2-9de7-453b-ba25-7e12d0ef361d,Royce0,Rafe0,rrafeba@fastcompany.com
1f2281e1-c250-4ed0-b5df-585c5f21f403,Vinita0,Goseling0,vgoselingbb@stumbleupon.com
3eeef7aa-4010-49e8-941a-1c62ea37e383,Loralyn0,Hinckesman0,lhinckesmanbc@tmall.com
afeca32d-87e2-4256-94bf-4b87c6d5782d,Tildie0,Karolczyk0,tkarolczykbd@desdev.cn
cbc68707-0d2c-4a40-a561-0b9091b1bb53,Lacee0,Divina0,ldivinabe@sphinn.com
09b610f7-6d31-4cba-9c06-223eb9745f4c,Brittne0,Charrett0,bcharrettbf@newyorker.com
544688a7-c6d8-4856-aba8-2acb5cb81956,Idalia0,Lieb0,iliebbg@cnn.com
c6026c64-2234-42b1-b3cb-b42b487e8d9f,Dalston0,Alennikov0,dalennikovbh@homestead.com
0eaf40c2-030e-4d6c-a410-2de4c72859fa,Shelly0,Lorriman0,slorrimanbi@cbsnews.com
e5365bb0-52be-4461-a07a-f63e750c27a4,Dina0,Poznan0,dpoznanbj@posterous.com
dd5195fb-d790-404c-ace1-11ed4f84fa42,Raphael0,Jesty0,rjestybk@soundcloud.com
30fd3e1d-b7ec-48ea-8b08-30b0a9cc34d8,Pattie0,Ceeley0,pceeleybl@mail.ru
c667fa83-74ef-4d59-910b-944da82ec397,Johny0,Lear0,jlearbm@skype.com
74b8dbd1-0c70-4c91-9804-eef114e6ef68,Rudolf0,Stigers0,rstigersbn@plala.or.jp
933d144b-49ee-4859-8c7e-0a8379b1aaa2,Trina0,Finnigan0,tfinniganbo@google.ca
72019ec9-9516-4238-8c3a-f1032dc70089,Tansy0,Kerins0,tkerinsbp@statcounter.com
514bc6f1-cc80-4680-9a36-512cd45b781a,Phillipp0,Zupo0,pzupobq@blogger.com
79b8a373-34a0-4e8a-abea-787d1e4ed1fc,Dyana0,Gapper0,dgapperbr@msu.edu
b8c14b28-767a-4c94-8ff3-a73b77b3c826,Margaretha0,Stogill0,mstogillbs@geocities.com
30eff8ac-b885-4d26-98c9-06b1dad37c92,Russell0,Klug0,rklugbt@paypal.com
e6ce3dc2-22aa-41a5-a0dd-1387551236c6,Myrna0,Bussel0,mbusselbu@twitpic.com
0474087f-320a-49c1-95f2-652b9e83e99c,Brant0,Jellico0,bjellicobv@aol.com
8947ae55-2493-4e93-a5bc-1c282511dd52,Margalit0,Kearn0,mkearnbw@noaa.gov
85db5219-466f-4dba-ab04-071ccac18060,Maddy0,Merriott0,mmerriottbx@cnbc.com
8438d59e-6702-44ef-9f4f-111a67ac7374,Karry0,Dobbson0,kdobbsonby@bing.com
a4f57b90-5197-4e14-b3ca-1a535e839367,Billy0,Connochie0,bconnochiebz@cnbc.com
e4eba652-5ba2-4da6-8839-79d00c5fbc68,Adam0,Claypool0,aclaypoolc0@fastcompany.com
e1b9730b-4cc3-400f-8f34-8e18680174a5,Syd0,Archambault0,sarchambaultc1@myspace.com
de13b8d4-7972-4bff-922d-92aeb488a876,Harbert0,Krysiak0,hkrysiakc2@ehow.com
33f18b94-98ff-450c-8473-490b0e1b8b94,Nichole0,Suthren0,nsuthrenc3@i2i.jp
ace8e9f3-167d-4300-94c5-db701b5ad51b,Anatole0,Dillintone0,adillintonec4@mapy.cz
b63e48fe-28fe-45da-aaa4-f16eaaa4c4ba,Clarey0,Castagneto0,ccastagnetoc5@infoseek.co.jp
3fa7cdad-a5b5-47cc-91bb-2234c0aaaaa8,Cariotta0,Baynes0,cbaynesc6@illinois.edu
3ba61ee4-6fee-471d-ae44-4b2b6560d2db,Kylynn0,Stowers0,kstowersc7@bing.com
9c573eb7-8d0c-4422-b07e-6480fa1a4de1,Silvana0,Heazel0,sheazelc8@xinhuanet.com
5757bda3-e289-4108-94a5-98b38a52bf38,Cari0,De Benedictis0,cdebenedictisc9@cnbc.com
568a9b3e-5c49-492b-b40e-69404fc15a5c,Jacinta0,Tuison0,jtuisonca@jigsy.com
99f95567-50e2-4203-9e70-7d1d0f02cbb2,Nancy0,Loughney0,nloughneycb@goo.ne.jp
ccfb11ff-5e88-4f3a-83b7-7cbfe8b638e4,Ingeberg0,Rains0,irainscc@archive.org
42a7a328-db9b-4b5f-8ac4-59d171afe71f,Hermon0,Dulton0,hdultoncd@indiatimes.com
e36757a3-2ca0-490d-964c-974de12de706,Doloritas0,Shackelton0,dshackeltonce@mapquest.com
7ff28f1f-8f4d-4850-bf51-d658171aac84,Marya0,O'Cosgra0,mocosgracf@51.la
64e40a19-75af-47dc-8357-c8ee899eef9b,Randolph0,Hollows0,rhollowscg@about.me
75566f99-f6fc-4f81-bb7d-449626934dfb,Carrol0,Williscroft0,cwilliscroftch@linkedin.com
7023b26f-e2cb-4a09-99df-df605c143a60,Dalt0,Gibby0,dgibbyci@artisteer.com
6e07b41b-8e35-44d2-a04a-4d76693f5b52,Jennifer0,Aslie0,jasliecj@toplist.cz
ba6d847c-f2ca-4dbe-b1e5-9543443283d5,Haywood0,Giraudot0,hgiraudotck@dedecms.com
de4ebf7b-188c-4dd6-aadd-4e84f93a713d,Weylin0,Schreiner0,wschreinercl@columbia.edu
b529021d-d382-4fc0-84df-98ec57a964a2,Wye0,Duker0,wdukercm@moonfruit.com
229e2c20-ce64-425d-a104-6c580177399d,Sherlocke0,Harmstone0,sharmstonecn@sphinn.com
f6a3efc5-2998-47a0-a2e1-6ca334ad0f50,Janetta0,Marrion0,jmarrionco@slideshare.net
d16a0a23-d5e8-47da-a9df-648496805ad5,Gerald0,Krikorian0,gkrikoriancp@senate.gov
3c06b75e-bce3-4ff5-943f-2710f260cc2c,Dion0,Willars0,dwillarscq@pcworld.com
f7690d13-9147-480f-aeea-7f014df034a1,Tarra0,Frowde0,tfrowdecr@go.com
84ac5a50-dd55-46c6-a845-bb414f171724,Toby0,Brighouse0,tbrighousecs@bloglovin.com
129e580c-856b-4f31-9093-3dfc68a31862,Dwain0,Relph0,drelphct@istockphoto.com
b23c5b0a-a239-4e97-b82a-1c572d3f7777,Mariska0,Paul0,mpaulcu@home.pl
deb539ec-3056-4c2d-92d1-0d35b80f375c,Ellissa0,MacCrann0,emaccranncv@joomla.org
475d4402-be33-4c7f-90af-d7b4bd3c9bd7,Koral0,Fills0,kfillscw@ameblo.jp
1c6753ea-cd82-4ed1-a3f0-e8b0378c6b80,Abbey0,Skarin0,askarincx@cbc.ca
84588512-9a3c-4362-9f30-b5e5ee1abc3b,Horst0,Pottery0,hpotterycy@amazon.de
a9e674b5-7647-4b36-b9d9-a49bb401b03d,Zahara0,Sukbhans0,zsukbhanscz@trellian.com
e3b7bf8e-d379-4a48-a775-3dafff0fd29b,Frazer0,Ortes0,fortesd0@joomla.org
a97f5afc-1067-4a8a-be93-6e4141420aa0,Alvera0,Extal0,aextald1@bigcartel.com
914ca20c-c93b-4beb-add7-73c0e2a105ba,Fletch0,Cutill0,fcutilld2@ft.com
d96a69fd-31b4-4532-8ffc-d2ed58fc6d5f,Wandis0,McPeake0,wmcpeaked3@upenn.edu
674e5399-9e3a-40fa-b9c3-f4db99f355da,Spense0,Lenz0,slenzd4@squidoo.com
7716255a-d43c-41f4-b130-1a4203bad726,Giavani0,D'Aeth0,gdaethd5@ucsd.edu
0c02793d-2388-4632-b51e-2a40ffe2e8c5,Deedee0,Leftwich0,dleftwichd6@cbslocal.com
03620ee4-0626-4e20-9694-d279a26bfdae,Tiffani0,Matteucci0,tmatteuccid7@marriott.com
c117a3f3-1196-4837-a06d-7f160042d2c2,Ermentrude0,Bog0,ebogd8@cafepress.com
7ea92aa2-bc18-459f-85a3-0dbe3c27645c,Allys0,Fedoronko0,afedoronkod9@squarespace.com
4450c6d3-75e4-4265-b77b-b7dd1c856289,Meier0,Patroni0,mpatronida@so-net.ne.jp
bbe5918a-a348-430d-a0c5-ed1c4677af0b,Inez0,Abade0,iabadedb@shinystat.com
d54cd15d-5d2e-49bf-affb-5ccffd5febe5,Corine0,Lilly0,clillydc@123-reg.co.uk
525d83c3-2b22-4684-bc50-3a3c24ec66b9,Cher0,Dive0,cdivedd@gov.uk
c30e8623-2ba4-41ca-b803-f7e1b242a508,Florella0,Klagge0,fklaggede@va.gov
e555a4cd-7f64-402b-99e2-4c2bbfef611b,Shayne0,Flinn0,sflinndf@rakuten.co.jp
f8a2b8d4-8c77-4307-a437-51cd4f960ef5,Webb0,Antcliffe0,wantcliffedg@so-net.ne.jp
ab1ef3c2-7d16-4b87-b4c0-770fc124c6fc,Sydney0,Sinton0,ssintondh@macromedia.com
c15115a7-879e-414b-bd13-b1d6ff9e5877,Rubina0,Rheaume0,rrheaumedi@discuz.net
05504e10-a0c3-4dc5-8130-d5bf919ad67e,Hamlen0,Sprague0,hspraguedj@e-recht24.de
7dd91109-5281-4b8a-b5de-c39d72bd3546,Harmonia0,Dunk0,hdunkdk@bluehost.com
b85d449a-356b-4b0b-9cf1-b3530adb03b2,Maure0,Meininking0,mmeininkingdl@amazon.co.jp
2b259b7e-dfef-45ff-b969-0a4efb47537e,Merry0,Younghusband0,myounghusbanddm@auda.org.au
a8a85b48-d844-4e13-b908-dbfee888446e,Lamar0,Kacheller0,lkachellerdn@bizjournals.com
fd632d1d-7afe-4ad0-9639-dba90adfda8d,Romy0,Meagher0,rmeagherdo@yahoo.co.jp
a099305b-4e4e-44ff-afe3-c32a24ec7e2a,Mallory0,Sankey0,msankeydp@taobao.com
d30e285e-50de-4932-a0a6-d2ac01f914d7,Tory0,Dakin0,tdakindq@blogtalkradio.com
c3516c7f-af96-4098-9af9-e742af66e645,Melisandra0,Musterd0,mmusterddr@sogou.com
6b53081f-1009-4d72-a70f-1852a659a2ff,Violette0,Hagerty0,vhagertyds@godaddy.com
90c01240-a896-4629-a13d-ab8c17e0cf4e,Gaylene0,Kleisel0,gkleiseldt@ifeng.com
d90d955b-492b-437c-b6a3-9d09252046c0,Tiffani0,McAuley0,tmcauleydu@army.mil
9a2e6202-4762-4f35-82b4-4684537fe25b,Fabian0,Notman0,fnotmandv@comsenz.com
0e6db6c2-414e-4236-9bde-e2310f574dac,Camella0,Ackers0,cackersdw@mozilla.com
942861d1-a489-457c-bd35-83548311e9f0,Roley0,Ingilson0,ringilsondx@sun.com
5bde8af1-2071-486c-bf64-385c16f11146,Nonie0,Siaspinski0,nsiaspinskidy@tinypic.com
d7fca8fa-49b5-48da-a4b7-75defaee4dfb,Harris0,Bowyer0,hbowyerdz@state.tx.us
8fc845e6-8b0c-4c0e-8fc8-2f99c08aa9fc,Leena0,Filler0,lfillere0@nifty.com
15a8f7ba-d508-4643-9ddf-eef5060b259b,Nannette0,Brendeke0,nbrendekee1@hostgator.com
5ec57e56-eccb-475d-bece-df7df6c0c1f4,Binky0,Rorke0,brorkee2@addthis.com
7d228b56-0edc-45db-a51c-7a019a0f89b7,Camilla0,Caret0,ccarete3@yale.edu
c6dfbbbc-2fad-4f8f-a908-69b211120b95,Christal0,Hauxby0,chauxbye4@ameblo.jp
e8b1c085-696d-42e8-a5b8-49425b1f50aa,Branden0,Ryhorovich0,bryhoroviche5@ed.gov
06cb5678-1a07-4fdf-8f3e-6ecb2f11c5cc,Corbett0,Hradsky0,chradskye6@flavors.me
dae4a067-35c4-44ad-8c8f-4c4942412c03,West0,Tanfield0,wtanfielde7@npr.org
a3608ddd-2fa6-4e2b-a1fb-793a9214b6d4,Jocelyne0,Leishman0,jleishmane8@alexa.com
ba7641f0-b8b5-48b8-b55e-730a439da8d5,Wallache0,Gravells0,wgravellse9@sakura.ne.jp
0ce061c1-3077-4be9-8bcb-fbfb12082b66,Bridgette0,Leynagh0,bleynaghea@auda.org.au
d8d45133-d83b-468f-9cdc-e2ea3de88a90,Ruggiero0,Rhoades0,rrhoadeseb@addthis.com
39396f3b-e41d-4b39-8f7e-02ca3ff99e0e,Michell0,Pelchat0,mpelchatec@rediff.com
f5046424-3387-4dd9-9dd1-21ff3980ec2b,Averyl0,Siely0,asielyed@flickr.com
b29bba90-8c54-44d1-8b82-d944361cf826,Lisa0,Orchart0,lorchartee@reuters.com
aefaaeb2-314b-4890-b46c-d54759e17806,Manuel0,Merman0,mmermanef@europa.eu
8617d543-48ac-43ec-b8cd-fa9d5759b397,Babbette0,Lippini0,blippinieg@shop-pro.jp
2704e5be-71f9-439b-ae2f-8f8589d932ba,Constanta0,Kellie0,ckellieeh@blogspot.com
0d4cf253-757c-4c20-9da1-dad15d27f43f,Jeannie0,Cristoforo0,jcristoforoei@rambler.ru
d57ee7ec-79e3-48ec-9e57-512f60c25f3c,Johnath0,O'Heneghan0,joheneghanej@howstuffworks.com
b4ddee42-4d3a-4747-bc88-39280c397843,Margarete0,Guile0,mguileek@4shared.com
389d2a98-07df-4d72-a448-42bcb341fa8f,Care0,Rugg0,cruggel@gmpg.org
092e3d7f-6f31-49a3-aef4-42c31d9e9d06,Rebekkah0,Beller0,rbellerem@dedecms.com
17fe03f9-6251-4932-8cf2-40baef291400,Eleanore0,Linsley0,elinsleyen@netlog.com
3a72d51c-5414-434e-92e0-bda28aee829d,Frederique0,St Ange0,fstangeeo@biblegateway.com
8d25743a-5f62-4c43-aeba-b5b672b1bb56,Frederique0,Mompesson0,fmompessonep@lycos.com
f76adc9d-fa26-4068-b57d-fb72818af765,Collin0,Milland0,cmillandeq@naver.com
b3294bdd-6b33-4e5e-aa89-ecaa0d7bafd3,Joyan0,Maciejewski0,jmaciejewskier@wsj.com
4769f118-e675-4f35-af83-05a63c55c1e6,Alejandro0,Davers0,adaverses@dailymail.co.uk
54f745c5-f46a-4068-98df-3fbe709a4567,Grata0,Shevlin0,gshevlinet@imdb.com
6ef53cf9-1c48-4fd3-a67d-d7a3452dd44a,Garwin0,Ganniclifft0,ggannicliffteu@ow.ly
457ab297-235e-402a-b539-28aaac92e16f,Sergent0,Chinn0,schinnev@purevolume.com
8ebc631c-1def-4f89-a1aa-87538b33a72a,Maryanne0,Kenworthey0,mkenwortheyew@hubpages.com
9e4bdee5-6cb3-447d-843c-15965a28d1c1,Arney0,Finicj0,afinicjex@aboutads.info
cfa03105-1475-4e25-951c-36bbf60b1b80,Maribel0,Winkell0,mwinkelley@cmu.edu
def70372-fc81-4ad5-bffe-902eb49a609c,Wilden0,Inger0,wingerez@webmd.com
0d3dff86-769a-43e0-8a79-90d9b375cf72,Wandis0,Furminger0,wfurmingerf0@qq.com
f925435a-5eb0-46e6-a95e-73b16e4f583d,Jasper0,McGettigan0,jmcgettiganf1@icio.us
99a65a0e-f52e-4e25-8ba3-db06511cbcbb,Meryl0,Alliberton0,mallibertonf2@toplist.cz
e68927c2-08b3-4691-99c6-106359e3392e,Brian0,Oliver-Paull0,boliverpaullf3@topsy.com
002555d3-5197-446f-81d5-d042142a2d9d,Rufus0,Course0,rcoursef4@mac.com
5e473da1-1311-4997-b40b-8b4cb46effa7,Lee0,Klessmann0,lklessmannf5@arstechnica.com
930f3c92-8237-4010-a8e1-f50a0762f981,Daffi0,Chesson0,dchessonf6@google.ru
2f95f136-e69a-4165-bda5-59df8ee55b7c,Jada0,Hugett0,jhugettf7@bloomberg.com
5d7250e8-b0e8-4532-b5f8-2018e44525c1,Berky0,Lummis0,blummisf8@amazon.de
e84bf68b-93f9-403d-8a0a-4b3dd42e61c7,Chloris0,Sheerman0,csheermanf9@4shared.com
395d630c-3d7c-41cc-adec-24f6d4cc85fe,Kaylee0,Causnett0,kcausnettfa@soundcloud.com
4d612e6a-dbea-4424-87cd-a6bbd745dd2e,Reena0,Wehden0,rwehdenfb@oakley.com
1cb32ec7-23b6-4417-b055-99a6eccbca01,Karry0,Shevlane0,kshevlanefc@wordpress.org
7f52e2b0-4969-4e94-a383-584878919ce3,Shelden0,Prettejohns0,sprettejohnsfd@bloomberg.com
b4e2c054-1757-4791-bdea-31a040cf4e9b,Leigh0,Iglesia0,liglesiafe@berkeley.edu
57d26364-4aa4-42fe-893e-734a873ab3b3,Stephie0,Spridgeon0,sspridgeonff@so-net.ne.jp
7e3f6f61-78b3-4302-aaa5-249944b10e6b,Vita0,Fairnington0,vfairningtonfg@i2i.jp
b7263d14-e3b3-4835-9ac3-40e286bd18b2,Oralie0,Girdler0,ogirdlerfh@cbc.ca
052cc9e5-6eb5-4af6-b8a4-b78f02dae33b,Mohandas0,Richens0,mrichensfi@thetimes.co.uk
2b40e3f3-d4da-48da-a278-b19d18c3742b,Miranda0,Hames0,mhamesfj@smugmug.com
fb5333d2-1457-4ba2-8ac6-60d91e880b7a,Derk0,Sandilands0,dsandilandsfk@admin.ch
11adfcde-5007-426d-a857-a24fef08d0a8,Irena0,Olding0,ioldingfl@wp.com
6e43f5fe-98a8-4890-aaa4-b216129984cf,Dasie0,Threadgould0,dthreadgouldfm@gnu.org
003d2a5c-b437-4227-b69f-ddc304411e2e,Desiree0,Hoggetts0,dhoggettsfn@hatena.ne.jp
4d9fc968-4d4b-43b6-a5a4-fab27fd21df6,Arvy0,Stirland0,astirlandfo@over-blog.com
c0f100a4-5e3b-4339-9e9f-88fb704945bd,Netta0,Gravie0,ngraviefp@sakura.ne.jp
76096fb5-5649-4915-95c8-17fab28282bd,Stacey0,Glendza0,sglendzafq@blogspot.com
8c318cbc-6ee4-470f-af45-3ce14f0a5790,Ginelle0,Guitt0,gguittfr@patch.com
c79ab05e-5d48-4ef7-9697-9f4c70a52675,Sallyann0,Vettore0,svettorefs@seattletimes.com
942edd46-449a-4f0e-b8a1-c0e08eca2f26,Trip0,Maddox0,tmaddoxft@networksolutions.com
59595bc2-bed4-42d4-b862-60a49906f882,Clerc0,Wittrington0,cwittringtonfu@technorati.com
6abadc3c-195b-489f-a21b-6fc5ff429bc8,Lucho0,Wollrauch0,lwollrauchfv@google.de
f72db7ff-cf00-4e70-bebd-a33fc619f7a0,Charley0,Ghio0,cghiofw@taobao.com
46e62c9b-1568-456b-9fef-7e95d4f9ed90,Lon0,Shead0,lsheadfx@1und1.de
106dda61-fbf6-4ea6-b943-8dab6d49f4ca,Ritchie0,Ruslen0,rruslenfy@blog.com
3c39145b-9cb6-42ae-bded-a5e300b0a7c1,Tamra0,Emnoney0,temnoneyfz@merriam-webster.com
b0c24024-32f8-41e5-9737-10d604029933,Hamid0,Kemster0,hkemsterg0@shinystat.com
d3d6a294-419e-4cd2-a52b-50899a0b13a3,Crysta0,Puddin0,cpudding1@google.pl
626f4657-3fb9-412f-a64c-973f7a9b87c8,Emmett0,Pennigar0,epennigarg2@cocolog-nifty.com
18a44adc-4bd1-49b7-8783-63b086100b5c,Ursala0,Scogings0,uscogingsg3@altervista.org
c2ecaeec-73d3-4b49-8626-18ba264420f6,Hildegaard0,Attac0,hattacg4@wsj.com
010c51a2-fff8-4239-98eb-2977f6ae1563,Carline0,Persich0,cpersichg5@jiathis.com
03fd88fb-b911-41f9-9cfe-79df6543ec5c,Irwin0,Ivermee0,iivermeeg6@vk.com
c899d96f-c1f5-4925-9d23-da9055ae2421,Ryley0,Ibbetson0,ribbetsong7@istockphoto.com
e9e4feaa-3aef-4058-a07f-fdfaee47768b,Brockie0,Lupson0,blupsong8@altervista.org
a402efca-d912-403b-8070-9545e7c3e9e5,Montague0,Abramovicz0,mabramoviczg9@xing.com
9821912c-d24a-405d-8eb1-2a1cb457843f,Kirbee0,Tasker0,ktaskerga@surveymonkey.com
154cf883-4bb9-494f-af58-168b2ef806a7,Tobie0,Shearn0,tshearngb@fda.gov
91c450ad-b9ca-4863-a245-f0fb7cc92e66,Daffi0,Olivier0,doliviergc@tmall.com
6ab96225-a525-49b9-8165-40ff2cc39aa6,Myriam0,Chater0,mchatergd@smugmug.com
ca6787a0-b086-4004-b0b6-f6abd0c28e12,Bennie0,McErlaine0,bmcerlainege@sciencedaily.com
8f24e933-710e-4574-8f6d-481c44a39ccd,Philippa0,Arends0,parendsgf@illinois.edu
1333b11f-a75d-43c4-9ca6-6591d4694fc0,Lacey0,Doogood0,ldoogoodgg@tuttocitta.it
d31c4e68-6324-4f23-911b-f554df65a92e,Stephenie0,Haukey0,shaukeygh@hao123.com
f16150fb-a925-480c-a90e-532df001a5d6,Adelheid0,Deem0,adeemgi@newsvine.com
c4af548b-58e2-4f73-9b75-d7e128a11bd1,Cristin0,Whyke0,cwhykegj@sphinn.com
6f3fe9eb-ab31-4762-aea4-179c0e992efe,Pryce0,Hewson0,phewsongk@paginegialle.it
3d02c9a9-4d8f-4300-bdd8-2e37f3faa4e2,Honey0,Gillings0,hgillingsgl@miitbeian.gov.cn
19b3e1b2-bb55-4695-90fb-c07c8ba57a58,Foss0,Scrivner0,fscrivnergm@kickstarter.com
92fcdc4c-307d-4bd0-9e32-ac968f0770df,Rayshell0,Oxenden0,roxendengn@cafepress.com
adafd4af-1a42-4893-ae9a-fcb498b2d218,Courtney0,St. Pierre0,cstpierrego@comsenz.com
cf11fd18-6d33-4ff3-b467-5fc516c810e0,Gardener0,Stevani0,gstevanigp@jigsy.com
8a698c53-a963-4eaf-a45f-0f3ca10a8b0a,Lydie0,Swansbury0,lswansburygq@thetimes.co.uk
3bc7bd00-d487-4820-bda8-bf3501bf0c56,Gian0,Newlyn0,gnewlyngr@hc360.com
35df8e6d-a274-426c-b77c-af96056d9886,Randall0,Watsam0,rwatsamgs@netscape.com
8cd7fe48-f4c5-40b7-8664-2d24c855549c,Orelia0,Gymblett0,ogymblettgt@nba.com
b8e91cb5-143c-4c92-b87b-fa8decf4e6bc,Concettina0,Cowser0,ccowsergu@blogs.com
7a5a8f3d-9c03-4121-87c1-75b51d09d366,Marna0,Fuente0,mfuentegv@tumblr.com
9106ffc2-1e26-4e36-837d-1bee0fb53ac2,Roseann0,Basketter0,rbaskettergw@hud.gov
cd3ae4bb-4532-4197-8c38-7b217f57da31,Ulick0,Oganesian0,uoganesiangx@google.fr
af91d60d-0ef7-49d5-a2b0-c9647ea5299a,Hailey0,Romaint0,hromaintgy@ox.ac.uk
5511b837-6a00-4fe0-98b7-a1f395673348,Sari0,Pendleton0,spendletongz@symantec.com
c13da7ed-1082-44e9-b5c6-c5eb03149ffe,Christabella0,McIlvenny0,cmcilvennyh0@microsoft.com
d647f3c4-632a-4964-980f-cc10c107892e,Kalina0,Drohane0,kdrohaneh1@columbia.edu
5cc18fdb-facf-408a-8213-256f4fb1a018,Rae0,Bergeon0,rbergeonh2@sourceforge.net
07bd289d-8dd2-4a6f-9cb2-7e31a59a1746,Chan0,Barnhart0,cbarnharth3@fc2.com
809a75f5-5b19-4dae-8ca6-dafbb72171d7,Menard0,Sucre0,msucreh4@indiegogo.com
95be844d-9059-471e-bd8e-186e6670e336,Ad0,Charnley0,acharnleyh5@phoca.cz
15e242f1-430a-4817-a4e8-e571ba488463,Kimmy0,Gummie0,kgummieh6@aboutads.info
85ab07d6-50b1-4fd1-a1bf-8aeaff625121,Edee0,Kleisle0,ekleisleh7@home.pl
7d2a5255-8929-4a1e-be97-9295f2f58bf1,Caron0,Clyburn0,cclyburnh8@loc.gov
0f59b3ca-1eca-42f9-8250-d6192a1e92de,Benny0,Clewett0,bclewetth9@census.gov
7bb704db-f5cb-479b-8e7f-758198767730,Leann0,Jankiewicz0,ljankiewiczha@thetimes.co.uk
5526159e-8311-455b-91f2-4038648b9da0,Kat0,Boyson0,kboysonhb@ibm.com
cd4660ff-1364-44d0-97fd-965100c9c0dc,Adolphe0,Crusham0,acrushamhc@yandex.ru
e5b9d966-4591-453e-8cc0-3ca6745f9f02,Hedvige0,Spalding0,hspaldinghd@flavors.me
75ba0553-dfdf-4504-8901-e6d252e3ccf6,Rickie0,Sigg0,rsigghe@vistaprint.com
6f219894-d2ff-447c-9263-54f50e399d0d,Yasmeen0,Eliet0,yeliethf@census.gov
7bc5bd43-e6a3-4d3a-bf38-561b522cd217,Waylon0,Rose0,wrosehg@buzzfeed.com
320b6c95-cd2c-4662-b5d5-1586e026d542,Lucien0,Teck0,lteckhh@alexa.com
9178732c-384c-454c-9b2a-c1a7ec17f4b1,Obadias0,Durgan0,odurganhi@spiegel.de
0efb8ec4-362f-495b-a43e-d29aeff1627c,Fancy0,Durie0,fduriehj@accuweather.com
753cf090-41e8-4781-9b10-81da72688847,Garth0,Antonio0,gantoniohk@wunderground.com
e3107586-dc75-4ad9-a138-9773d45d1507,Muffin0,Denkel0,mdenkelhl@mit.edu
a2b974a7-6710-411b-acba-2f96d03df3e1,Anstice0,Tellenbroker0,atellenbrokerhm@creativecommons.org
f0a53627-bf41-4626-baaf-78c776eb7b9e,Kenn0,Lesper0,klesperhn@walmart.com
91afec80-c189-4354-ae83-93b31d05ce0d,Bentlee0,Skuse0,bskuseho@gizmodo.com
93fc6838-ae75-47a9-815d-6e44eb82ecc0,Anet0,Pitman0,apitmanhp@mtv.com
fb5422d6-3bc5-429f-b18a-15c9450cafce,Fianna0,Iacofo0,fiacofohq@hhs.gov
b31b5e64-f6ee-4d74-924c-b8d308b35600,Pierrette0,Kingsnoad0,pkingsnoadhr@constantcontact.com
7b2abd72-ed6b-425d-a561-6cee51f4a6b6,Obed0,Windmill0,owindmillhs@microsoft.com
4f3b41f2-92ee-49c7-aacc-d6517dcfab25,Greer0,Benzies0,gbenziesht@aol.com
ae114cf0-2d62-4a11-9f28-0739bc187709,Lavina0,Rapo0,lrapohu@ucsd.edu
97ec05b0-dab1-4315-98ca-74dd294e3b54,Concordia0,Corsar0,ccorsarhv@usgs.gov
1ecc32d6-506d-4e9c-a26d-601ad8afd330,Adelle0,Liquorish0,aliquorishhw@harvard.edu
dc453633-29dc-4813-8b8d-c2c3c7d9bd86,Paolina0,Kobera0,pkoberahx@addtoany.com
aaaa31d8-b3b8-4cc7-84e6-f8b88552ad48,Piper0,Sweetland0,psweetlandhy@nydailynews.com
8ecfcd37-fb95-4cb8-a310-8e4bcad5c585,Elke0,Langland0,elanglandhz@ed.gov
fbb8f02c-066f-4d7c-ab3a-72e21cc72de6,Buckie0,Green0,bgreeni0@kickstarter.com
d8361bda-0a50-4091-9a88-123a68e6d790,Yolanthe0,De Cleen0,ydecleeni1@indiatimes.com
76e61b01-0819-4530-a682-559d963e2de9,Laurent0,Peperell0,lpeperelli2@goodreads.com
bb4651cc-7175-4bcf-9b65-726e0accd5cc,Padraic0,MacAree0,pmacareei3@prnewswire.com
97745744-b00d-4239-8695-871deb8a7369,Hettie0,Nangle0,hnanglei4@ifeng.com
76a40a3f-a5fa-4d5c-87f2-71d11b5376ff,Cilka0,Eul0,ceuli5@vimeo.com
25052bfb-1905-4323-b6d2-50265040f4b3,Cassondra0,Preon0,cpreoni6@apple.com
886d5597-0735-4125-a89f-b7074fe51e5b,Alexis0,Bru0,abrui7@1688.com
fd227343-9377-4d45-9bb7-f8a0cbd60672,Spence0,Boultwood0,sboultwoodi8@elpais.com
f58ea8e2-e462-48a3-924e-358df82bfd33,Rice0,Faveryear0,rfaveryeari9@studiopress.com
b0a9a8e8-aab4-4be7-b3c6-b15ff7f51909,Reagan0,Pulbrook0,rpulbrookia@ftc.gov
55631b97-4a29-4683-aaad-a5a73e34073f,Rafferty0,Jarrell0,rjarrellib@bbc.co.uk
e7d8b1f8-c241-4653-be64-cd4cf2ebce9c,Patti0,Vicioso0,pviciosoic@a8.net
e218cced-0d9e-4bf6-93ee-6f437a697b82,Kimmy0,Iannuzzi0,kiannuzziid@wp.com
116269b5-b45b-42fd-93ae-e37c1f99cb2e,Waneta0,Swindles0,wswindlesie@booking.com
05b10992-ef1b-4a22-a38e-63452acb7c75,Tris0,Pegram0,tpegramif@github.io
3a1f9538-3cf3-4356-9c00-564a92a27a8b,Boy0,Lowdyane0,blowdyaneig@smugmug.com
3b4fd0a9-1d3a-4f40-8174-5551966911cf,Dulsea0,Bowker0,dbowkerih@sourceforge.net
66fe9008-6078-4cdb-90b7-bf9aca99c6e6,Zola0,Lemmon0,zlemmonii@blogs.com
f9d78fa2-4a16-4730-b9a9-6a3c2b7ca363,Dukie0,Beards0,dbeardsij@storify.com
5b8ab05a-039d-41e4-ad23-6627d5c7fb7b,Blair0,Padillo0,bpadilloik@squarespace.com
7299f375-5a15-4f29-a21e-50f277e1ceef,Simone0,Cullagh0,scullaghil@toplist.cz
1a636da9-a6ee-4e44-809d-37bf4f80c755,Kathye0,Collett0,kcollettim@linkedin.com
e8008d56-5629-414c-9010-5f39db2cf4ec,Lyn0,Cromett0,lcromettin@buzzfeed.com
15acbc8d-f734-42e8-ba9c-5a754623f315,Hernando0,Issacoff0,hissacoffio@tiny.cc
67e7005e-04d6-4b17-a8c3-9cda9102070f,Gordan0,Strettell0,gstrettellip@cdc.gov
6b8d68d9-88e7-49a3-b852-156d5a64338c,Lucita0,Sallarie0,lsallarieiq@webeden.co.uk
009bd6b4-aeb2-47dc-8a50-9b8157f93b77,Othello0,Colthurst0,ocolthurstir@huffingtonpost.com
d1862c1f-dc5d-411e-ae62-fb18c87b97a0,Gail0,Haquin0,ghaquinis@pcworld.com
6e7c4967-e540-4919-aa30-00a9e231b0c9,Kane0,Dufton0,kduftonit@reddit.com
60380024-a650-4822-9772-93020b340a7a,Kristien0,Jost0,kjostiu@360.cn
f8a83bd7-5053-4070-ab05-d016988262ce,Mora0,Smitten0,msmitteniv@techcrunch.com
70f7dd61-ef5c-4e5e-9c3c-a1c0338bba61,Alec0,Belliard0,abelliardiw@devhub.com
c5b3bf6f-030b-4c86-81eb-d33a8ba06485,Rufus0,Beange0,rbeangeix@dedecms.com
157e4c66-f584-4bad-9856-36c9e59a9b79,Tammi0,Dwelly0,tdwellyiy@cdc.gov
f9929a02-3eb6-4174-a4e2-129dd85ad105,Harriette0,Corselles0,hcorsellesiz@illinois.edu
32848a8f-4d95-448d-bff0-3bb5a5c6fae9,Rana0,Lafee0,rlafeej0@hibu.com
9381b9b8-41dc-4b1d-982d-0f7fa71a64ef,Vincents0,Ponton0,vpontonj1@yahoo.com
5727928a-c855-454d-9470-8f666bc37d8e,Gregorius0,Lambin0,glambinj2@gmpg.org
22c9916b-2ba7-4096-8c4a-bee047b0a4d9,Merridie0,Clamp0,mclampj3@nasa.gov
1198d6f8-f6c4-49fe-9ff2-744cc7d63c01,Gilli0,Tidder0,gtidderj4@ebay.com
d9ea71b2-9fb6-426f-adbc-032c3b048457,Em0,Feldman0,efeldmanj5@myspace.com
19db79cf-2d0d-4876-8edf-eaecc54823b2,Denice0,Brett0,dbrettj6@java.com
6bde3960-7658-40b6-8fee-d4523ea66658,Berty0,Coltart0,bcoltartj7@howstuffworks.com
95237c4a-985c-42e8-a077-f665942e639e,Darrel0,Adel0,dadelj8@weebly.com
8c8e6e2d-8faa-4589-a6e8-72211dc42480,Ingeberg0,Yon0,iyonj9@bandcamp.com
6f99a39d-05f5-45d5-9b66-94ad15fec649,Gillan0,Lane0,glaneja@trellian.com
7c35c57e-c9ef-4578-9fbd-b2dd415ba2d2,Verine0,Roust0,vroustjb@businesswire.com
abebcaed-b81e-4cf4-9bc0-b5d6e37274f0,Kinny0,Trowl0,ktrowljc@princeton.edu
e4329f55-746c-4c62-86c5-41af96549283,Clovis0,McTeer0,cmcteerjd@instagram.com
f2f52240-6463-498d-9c94-7d196b490e0f,Brena0,Tricker0,btrickerje@boston.com
7a3aaef5-a8d4-4b87-9d7f-1f71c5696dfb,Umeko0,Luard0,uluardjf@usatoday.com
119fc4db-7442-4404-904e-5ef0b73e26cd,Shayne0,Kobpa0,skobpajg@ox.ac.uk
b920f9be-7814-46e2-8626-33d42149a88e,Costanza0,McLoughlin0,cmcloughlinjh@utexas.edu
240089b7-a99a-48ed-bda2-acfb3acc1416,Sigismund0,Attrey0,sattreyji@fastcompany.com
868746c5-1a98-4258-ad6e-923e6cf7c6d0,Devinne0,Clues0,dcluesjj@answers.com
d2ad841a-8b06-461f-b6d7-3aa938ae6253,Kevon0,Ullyatt0,kullyattjk@ftc.gov
2e63987e-59f3-4363-94fa-51151f3ce9e2,Wini0,Cheyenne0,wcheyennejl@dell.com
959587c8-e7cf-4cdb-8493-2bfae1356333,Robenia0,Adin0,radinjm@google.es
5e9db490-2e45-4471-8787-54191cb95dc6,Leelah0,Chishull0,lchishulljn@wordpress.org
4c3026d2-e262-4c77-b6bc-0c96b6cd58e5,Joachim0,Laurenson0,jlaurensonjo@cnet.com
2555ac1c-5942-48e2-839b-4b652ef7e81c,Laura0,Burkert0,lburkertjp@typepad.com
653292cf-ec13-4388-9642-df4abd2d0ea3,Dorena0,Brown0,dbrownjq@nba.com
61ad8787-4df3-40d3-91a5-7317412e48e7,Solomon0,Earwicker0,searwickerjr@prweb.com
941d58e5-994a-44cb-9541-eb02b226188a,Henrieta0,Baccas0,hbaccasjs@adobe.com
2f14b5b8-7a2c-463a-9219-e50bb41b3149,Murray0,Killik0,mkillikjt@ucoz.com
62daa87d-dbff-4875-b49b-2ff728545d60,Karol0,Feifer0,kfeiferju@ucla.edu
ed61c9b2-31f8-4356-a0a3-7834ae47853d,Dorothee0,Galletly0,dgalletlyjv@shop-pro.jp
433cdfa8-046c-4ed3-b1bb-179ba8ee4db8,Leia0,Iamittii0,liamittiijw@dot.gov
368c4bfb-d55f-4185-8164-ef06bab038c6,Emlynn0,Methley0,emethleyjx@dailymotion.com
67bd1c30-53b6-47b8-9b83-4fedc7bc08ea,Othilie0,Wrist0,owristjy@latimes.com
0f71897a-3b50-4805-bbcd-7adece2ecb85,Danyelle0,Praundlin0,dpraundlinjz@yellowbook.com
32c16664-389f-4a70-bb0c-cc8cba379b3a,Devonne0,Cranny0,dcrannyk0@edublogs.org
098ae74e-9a19-4162-9052-bbfb5b0f153b,Kelly0,Abby0,kabbyk1@opensource.org
41ed91bf-bb7f-4c06-b858-32757e0fecf1,Steffie0,Allom0,sallomk2@disqus.com
1133a1bb-e01b-43b8-9b86-e6b715cf6901,Sascha0,Kennady0,skennadyk3@harvard.edu
c2bcd868-ab4e-4ae1-9eaa-8493c113f213,Chad0,de Copeman0,cdecopemank4@zimbio.com
da8fc48e-e9d1-4059-806c-5e77921516ca,Ruthie0,Abry0,rabryk5@nsw.gov.au
a6a1bcdb-edd6-4763-8425-7b4903897147,Anastassia0,Garnar0,agarnark6@cisco.com
1fbf7b5c-83d1-478f-afe1-2c2cae449e99,Aristotle0,Lewcock0,alewcockk7@privacy.gov.au
123a828a-821d-4f83-a6e9-bde8bdbcd2e6,Hagan0,Moxham0,hmoxhamk8@state.gov
e416c705-7d32-4cfe-afa3-99068c7aed57,Hilly0,Ware0,hwarek9@yellowbook.com
f379d11f-eabf-4ea9-8ee0-fb7301e97f79,Lydie0,Gartsyde0,lgartsydeka@yahoo.co.jp
cd97ca04-0ffb-4a9e-9f18-4a94d7593b59,Pansie0,Ruppel0,pruppelkb@storify.com
582668a2-a889-438d-b788-f53e9a87bfed,Conroy0,Matusovsky0,cmatusovskykc@cloudflare.com
5797589a-d707-41cb-a0e2-c1e59cb1ed6a,Nessie0,Dearan0,ndearankd@state.gov
681fa0ea-9c70-47d9-a795-ca807f05d5cf,Myrtie0,Vallantine0,mvallantineke@hexun.com
c0e02bf7-7422-4b93-b61c-6de1d684db86,Itch0,Bearcock0,ibearcockkf@utexas.edu
5d065610-c730-4319-833d-bad3231bb762,Lucas0,Boni0,lbonikg@hud.gov
07043f4d-7980-4dde-8e38-1bafb55d3080,Robinet0,Balshaw0,rbalshawkh@plala.or.jp
4d941a8e-1078-42bc-9a08-43d68a724cbc,Ottilie0,Canepe0,ocanepeki@mapy.cz
bb95740c-eebb-4ce1-ab01-ba9b991359e3,Deirdre0,Mapplethorpe0,dmapplethorpekj@mediafire.com
7c067d71-24af-44da-b73f-84838c988f52,Mateo0,Yosevitz0,myosevitzkk@friendfeed.com
9cd41025-3ccc-46d5-9da2-2329ec47e331,Ottilie0,Spensly0,ospenslykl@vinaora.com
ae203660-4df8-4b55-8dcc-bb3cceb26cf9,Arlina0,Domenc0,adomenckm@flickr.com
59dc2509-636b-465d-ad72-c5e3b3495d25,Laney0,Jouhan0,ljouhankn@drupal.org
9ee77404-2154-4ef7-ac19-06b7768e11ed,Maurita0,Minchinton0,mminchintonko@pbs.org
591f1126-7b18-4d7e-ad45-0f11f16d41db,Elwood0,Lodevick0,elodevickkp@vimeo.com
bf008c0a-ae7f-490e-be45-26c3758a8fa5,Vassily0,Cornfield0,vcornfieldkq@intel.com
9146aa38-e173-4310-85cb-201e7a5863da,Selene0,Hanselman0,shanselmankr@acquirethisname.com
59f7e5d3-44d6-4b15-bc43-8f266225bcc9,Bertha0,McGhie0,bmcghieks@huffingtonpost.com
6bb6c475-c2d8-4d36-ab13-c405115ea941,Ora0,Thiese0,othiesekt@spiegel.de
8ee2b19c-cbff-4d98-82f0-d65434eaad06,Tully0,Tumbelty0,ttumbeltyku@dmoz.org
9c810cd3-33bb-4ed4-8948-9d2b4c28ed80,Sigmund0,Tutin0,stutinkv@disqus.com
f86475d4-56cc-4d59-9059-cdaf386cb94a,Amandi0,Labat0,alabatkw@naver.com
19386b19-3208-4b8b-bff9-06c3e076ce3f,Arlen0,Hedman0,ahedmankx@multiply.com
2891bdd6-a316-404b-98bf-7f2ec8971c02,Stanton0,Beasleigh0,sbeasleighky@house.gov
7c5dbda2-3066-4a0c-b4fe-1d673571e0da,Emmi0,Bartul0,ebartulkz@cbslocal.com
8a945303-dcba-46bb-be4a-cfeb5563b765,Dasha0,Beamont0,dbeamontl0@amazon.com
2585a4e0-0f5d-4b0d-a2e2-a99651138956,Gaile0,Victoria0,gvictorial1@friendfeed.com
bf15bc7c-c2e5-48f0-99cd-6b99303573fd,Hattie0,Edmondson0,hedmondsonl2@macromedia.com
bea51c9f-b981-4578-b806-493d839288b3,Phyllys0,Banthorpe0,pbanthorpel3@sbwire.com
a1c9c5be-6e8e-4f0a-ad54-b89ee17b1e91,Jarret0,Gilhooly0,jgilhoolyl4@blogtalkradio.com
f3492a71-cd73-4aba-9d53-832447067191,Kania0,Semechik0,ksemechikl5@aol.com
8f37d6af-263b-4cd2-bbd8-0762e889a3f1,Care0,Spinney0,cspinneyl6@sphinn.com
c1dafe2b-5a14-443c-b0f3-8c2d4d56ce45,Clementius0,Wawer0,cwawerl7@nature.com
929e44de-4026-460b-b51e-670f951abcee,Lou0,Houltham0,lhoulthaml8@themeforest.net
c7d939e8-9c0a-4a28-a869-03447b4898ff,Dwain0,Heys0,dheysl9@t-online.de
a4a69b70-9c90-484e-93b7-56062e6cbcbe,Reidar0,Massingham0,rmassinghamla@tiny.cc
cc66fa23-5d68-4d3f-bfb1-1d7d79b7b560,Kattie0,Danovich0,kdanovichlb@cafepress.com
12fcb1ab-e60e-4ae0-a43b-4692bef4f62a,Audi0,Cauderlie0,acauderlielc@pcworld.com
ba333166-b138-45a4-97d7-e184a1bbef40,Phil0,Alcott0,palcottld@merriam-webster.com
5549eed3-07f1-44ed-8cae-ecaae37afaa4,Ignatius0,Allsworth0,iallsworthle@home.pl
dcab4af9-eafc-4a44-9692-0b2ae33e18a2,Dorrie0,Parlott0,dparlottlf@wordpress.org
a8826991-f10c-4a68-a563-3fa425167741,Orv0,Sawden0,osawdenlg@gravatar.com
83c94708-146b-44ea-96fe-786c75e3fa65,Milo0,McEachern0,mmceachernlh@uol.com.br
c8e25609-16e9-4383-80f6-93b406e75493,Othilie0,Kirkup0,okirkupli@soundcloud.com
78d494cf-d745-42c8-b6cc-f0ee690b852f,Shaughn0,Harding0,shardinglj@ow.ly
6b084358-81de-4e94-8400-11d3f84e0d2c,Larisa0,Pavett0,lpavettlk@foxnews.com
2db7b38f-2c50-4970-b41d-98a71780230b,Dannie0,Vosper0,dvosperll@plala.or.jp
40f64183-41a0-471f-9de0-26c24e9a1581,Dotti0,Barrett0,dbarrettlm@1688.com
88464fc0-be2f-42a9-a2d5-8c37bbef8248,Deana0,Trulock0,dtrulockln@lycos.com
42658b62-7301-420d-a616-1edad576ba2d,Angelika0,Durnell0,adurnelllo@elegantthemes.com
2995fc73-0fb7-49e6-8bd5-55d2a08bc483,Theda0,Scoyles0,tscoyleslp@tinypic.com
7bfa98b2-437e-42ee-ad67-a7a82d6a18ac,Benoit0,Dibling0,bdiblinglq@nih.gov
3d1a874f-7cec-4228-923b-82ab52067dc5,Barrett0,Meryett0,bmeryettlr@paypal.com
c13090d6-7132-45a1-84f0-1d211d3f652f,Gelya0,Woffenden0,gwoffendenls@naver.com
3b21d41a-9133-409c-858a-1824a460bb3c,Jenilee0,Wemes0,jwemeslt@yolasite.com
781e11b0-85ca-4a2f-b806-4b252537a555,Jo-anne0,Geistmann0,jgeistmannlu@purevolume.com
bd262929-f5d6-4ac8-a97f-8df01e4c4263,Romain0,Cotesford0,rcotesfordlv@aboutads.info
b4662709-e74c-4c8e-87c9-0516b6ab38c2,Field0,Kerrey0,fkerreylw@wordpress.org
11eca23e-fd86-4f3a-8dd2-00f108e8516f,Veronique0,Dealy0,vdealylx@ibm.com
7da52575-4971-415c-8eb4-b9f78b2a2286,Ilise0,Zannelli0,izannellily@sciencedirect.com
8f9a384f-f170-4f08-a2fb-eb2f48ed888d,Ramonda0,Bradick0,rbradicklz@wisc.edu
43b60055-3709-45c6-849e-9eaf739e0f4e,Dosi0,Shine0,dshinem0@mashable.com
93d3ccb9-5fc0-4651-b5bf-cebe8d6d5bce,Katharyn0,Chaney0,kchaneym1@amazon.co.uk
b79f8677-5de0-47b7-855a-85733ff12941,Katrinka0,Verbrugge0,kverbruggem2@exblog.jp
0231d431-7cdf-48af-826d-e1c8329ceab7,Mel0,Dominiak0,mdominiakm3@si.edu
084f6daf-b434-4a28-bc25-6d2d564d8666,Hasty0,O'Crotty0,hocrottym4@webnode.com
dff4f8bc-a8e5-4d43-acfd-1303ee7e4060,Dexter0,Petran0,dpetranm5@ifeng.com
050d69e5-3e5c-4158-aa29-3aae815c24df,Beau0,Stansbury0,bstansburym6@blogtalkradio.com
29a603ea-a5cb-4952-9e0d-50a119ed079e,Mordy0,Zamboniari0,mzamboniarim7@bizjournals.com
3504e99b-28ee-4d0e-ae23-0c4313813c79,Christen0,Androlli0,candrollim8@mlb.com
1d268481-882a-43ac-bb1c-cfc224cb26b8,Mireielle0,Barbrick0,mbarbrickm9@naver.com
6c2fd374-4507-4a20-a5e5-b206d96bae68,Malena0,Ladbrooke0,mladbrookema@addthis.com
a8555ae7-0dd0-4b1e-8479-b4fc88da7df2,Agnola0,Firman0,afirmanmb@gov.uk
6f328813-62e5-4b49-8bef-9907714bf75d,Garret0,Pavlenko0,gpavlenkomc@google.co.uk
f31cd352-2f7c-41eb-9f51-66ab24d813db,Lindsy0,McFater0,lmcfatermd@facebook.com
80d395be-b359-4955-99c0-654b5e023b16,Florida0,Sweetlove0,fsweetloveme@etsy.com
7ccb81be-3540-40ad-a7e1-35ecab937f02,Bunni0,Errol0,berrolmf@51.la
d174a38f-b71c-46d6-a4ac-228cf4cc2415,Romy0,Bayns0,rbaynsmg@youtube.com
c5b61725-5ee6-4969-877f-fdef77c78250,Evelin0,Bear0,ebearmh@nymag.com
aae5ddd5-12c1-4452-8ebc-f0d62d689ced,Genevieve0,Sambells0,gsambellsmi@marriott.com
f94905fe-84ac-4c20-9a91-64ecf3105de8,Kurt0,Paskins0,kpaskinsmj@ask.com
0bd7098b-4366-4cc4-aec6-4a995e70bd6b,Thacher0,Brymner0,tbrymnermk@cnn.com
d80427f3-55a9-4b48-a8f4-0e9e6763c7cd,Dudley0,Crathorne0,dcrathorneml@fotki.com
b731d97e-d1fa-4a4a-a587-722a0d757cd7,Sukey0,Buckthorpe0,sbuckthorpemm@tmall.com
74407b03-c2d1-4f1b-b31d-48c5114d7723,Jonie0,Balderstone0,jbalderstonemn@engadget.com
61c4c757-02f0-455b-afb6-13ff67c93fb0,Lynna0,Whelpton0,lwhelptonmo@timesonline.co.uk
539b0e56-9009-4a5d-bf47-9d9c3afcd623,Aryn0,Crafts0,acraftsmp@nhs.uk
3c6b282b-e6c2-4293-90a3-214e971857e9,Anders0,Chetter0,achettermq@stanford.edu
b3c99830-f8b0-4953-81c0-011e61174630,Desmond0,Cockshut0,dcockshutmr@microsoft.com
695ab925-1553-4a7d-b9de-7aa0d9f413b4,Andromache0,Kubica0,akubicams@ibm.com
5009158b-322b-4cf8-be71-e469a7b79aaa,Hube0,Teather0,hteathermt@businesswire.com
55d06eb1-4925-4c6c-8563-2dae8e0837d6,Sylvester0,Clac0,sclacmu@51.la
a6928ca8-d331-42ec-b41a-65ed2e8d9846,Jannel0,MacIllrick0,jmacillrickmv@joomla.org
2380d4d1-bba9-40ad-8771-19a023833082,Clim0,Morden0,cmordenmw@blogger.com
4d446b14-8daf-4c12-9468-a091f3ed0a0d,Noelle0,Tradewell0,ntradewellmx@indiegogo.com
3733ab86-88ba-4578-98fe-3235c04911b6,Rosemaria0,Andryszczak0,randryszczakmy@gnu.org
812566f2-e190-4447-846c-7cb1b23eccab,Guthry0,Demougeot0,gdemougeotmz@sbwire.com
2bbc38f8-520b-4bde-8375-0e8585607422,Jedidiah0,Benyan0,jbenyann0@odnoklassniki.ru
0ba02643-3332-4bbd-8feb-da1a10f065c0,Ossie0,Torricella0,otorricellan1@creativecommons.org
42012e4d-eb97-4912-8d58-1d4ef7cd55ec,Erinn0,Aymes0,eaymesn2@netscape.com
7b42ff69-53c9-467d-916d-cc8743674a7e,Zitella0,M'Barron0,zmbarronn3@utexas.edu
7178028a-6760-4176-a471-f917ef995b4d,Teri0,Weadick0,tweadickn4@seesaa.net
1c8186bd-8d18-4c34-b358-669a657bb414,Benjy0,Danielian0,bdanieliann5@stanford.edu
f32bdb71-b880-4cee-a292-121e9cabbf6f,Reba0,Sollett0,rsollettn6@sciencedirect.com
721dcfc1-387e-44a5-be06-f69e3ab8d781,Say0,Buckle0,sbucklen7@bbc.co.uk
103cf0c1-3f9b-4706-8437-f8378b482548,Tabby0,Augustine0,taugustinen8@furl.net
6410798f-d421-49a5-a792-8d08ea956d86,Antin0,Copin0,acopinn9@ucoz.ru
42f2e35a-189d-49c1-bbc3-6f9071a82fa5,Lesli0,Peerman0,lpeermanna@gnu.org
2a6b62cd-1012-45a6-bdba-01856fce7e2e,Sascha0,Stobart0,sstobartnb@histats.com
ed7af17f-0109-4118-a4f9-e1c59cd00cbc,Tabbitha0,Branston0,tbranstonnc@sitemeter.com
805170af-17d0-4c83-9aa5-b2ed0c22058b,Richart0,Mallock0,rmallocknd@usgs.gov
119e21a8-8e95-4157-b195-ad288e1edab4,Judas0,Tenny0,jtennyne@lulu.com
485dfd21-bbc7-429b-97bc-d15ba7b6b24d,Sheridan0,Last0,slastnf@creativecommons.org
edd97760-3498-4b1a-ad8c-2addc77d60dd,Jeanelle0,Mistry0,jmistryng@blogger.com
15477a9c-ef49-4cff-8a28-f59c5e62b645,Larine0,Odd0,loddnh@flavors.me
c758da68-503b-43d5-a119-e862c01f9faa,Melany0,Dewitt0,mdewittni@digg.com
057e6e57-ebad-4bec-ad65-14bee442bf5b,Lannie0,Chat0,lchatnj@salon.com
3743a61d-1804-493d-bfb6-2ce1c2825029,Karney0,Avrahamian0,kavrahamiannk@seesaa.net
3879d5a3-fad4-4ae7-adad-875c45b133c2,Amandy0,Earnshaw0,aearnshawnl@google.ca
46735779-b275-4547-b5d8-d9bafc0be7d9,Alec0,Owain0,aowainnm@ihg.com
8b4b7acb-ba83-471a-835e-53fe1e482a63,Vick0,Prescot0,vprescotnn@upenn.edu
defb9c8d-60f8-4205-a505-713032ae43c0,Randi0,Castelijn0,rcastelijnno@dmoz.org
b93c3bec-963b-48e1-b531-4448adddd450,Andrew0,Coundley0,acoundleynp@wikispaces.com
58f4f57a-afcc-4651-9e4b-25f0b4aaef20,Kirstyn0,Rillett0,krillettnq@theguardian.com
d68df8c0-d4eb-4e98-a08f-a271d11cf88a,Jennee0,Castanie0,jcastanienr@theatlantic.com
3c28f8cb-e1a5-43f9-8b12-272aa2bbcd18,Christopher0,Stanley0,cstanleyns@cbc.ca
1b594cc4-45c6-408f-9682-488cdcdd9dce,Marsha0,De Bell0,mdebellnt@altervista.org
4d78c709-6ab4-46f9-b37f-69e092074c8f,Dale0,Ambrose0,dambrosenu@baidu.com
157a4b49-6300-4bf8-8de5-d1a16f596188,Grata0,Deackes0,gdeackesnv@homestead.com
6a10ed81-d214-43dc-a24d-fe94929ceffa,Gusella0,Gerrelts0,ggerreltsnw@bizjournals.com
8fc323e4-ecc0-41fd-8139-6e12434c88b2,Jeffy0,Tison0,jtisonnx@elpais.com
36fbeb1c-3e2b-4af2-832c-5f0e82ad54b8,Mora0,Frift0,mfriftny@thetimes.co.uk
13e1328d-a37d-47f5-82ff-c59ae079ed5d,Skye0,Divver0,sdivvernz@webnode.com
d90d3e3f-f100-4629-b9c3-ee3f54a30d6b,Tildy0,Reihm0,treihmo0@facebook.com
a132f7af-a15b-472c-8d8c-25754d488740,Cullan0,Owttrim0,cowttrimo1@chicagotribune.com
75855025-ff4a-4502-8943-1feb49f6bd5a,Dyanna0,Marskell0,dmarskello2@aol.com
63806c88-db91-430e-97be-a6595f2fdd5d,Oralle0,MacCheyne0,omaccheyneo3@imageshack.us
7129da69-8f63-4f9f-a487-cd14d465e6e6,Shamus0,Whitmarsh0,swhitmarsho4@tripod.com
c4c57ad8-37ef-4f22-b2a5-2310b995224c,Miguelita0,Drummer0,mdrummero5@bigcartel.com
f54b21f7-1c69-44a8-a0a2-1c0d0ed7d0ff,Orville0,Treppas0,otreppaso6@1und1.de
66fef77e-4b21-4eed-890f-2d06d03344fe,Vittorio0,Lisciardelli0,vlisciardellio7@sun.com
5dfbfbb3-0b7c-4042-ba3a-3c013a8ca966,Sharon0,Shay0,sshayo8@flickr.com
a594fa61-2079-4482-ad26-f7974548c537,Derby0,Middlehurst0,dmiddlehursto9@omniture.com
56f3eb31-101b-40ea-bf13-fa266fabeccb,Yuma0,Jahner0,yjahneroa@boston.com
186ef5d4-4f78-46bd-8a54-8d2767f947f4,Oralla0,Bazeley0,obazeleyob@diigo.com
a05a6e45-88de-4406-a5e8-7c8b43ceda89,Cindi0,Loos0,cloosoc@geocities.com
1194f2ee-9f73-4254-8b49-de20e89e3d52,Ethelda0,Viscovi0,eviscoviod@jalbum.net
c56b92e3-671b-483a-98a7-e35afe2c3cfd,Rafaellle0,Plowes0,rplowesoe@epa.gov
1ca457d4-fa9f-4f87-aa56-3677ce0c8e64,Jerry0,Dakin0,jdakinof@mail.ru
7413df30-94a0-4810-b53e-29e14d30ddd4,Rachael0,O'Cahey0,rocaheyog@prlog.org
c05dee48-b0fc-4d7d-b3f2-bf2958d1738a,Sullivan0,Innes0,sinnesoh@yandex.ru
909f7e3c-5d89-4670-bd69-e186ef056e18,Neils0,Jouaneton0,njouanetonoi@newyorker.com
7689adfc-6506-4fe7-a378-8adec1449f76,Petey0,Tilley0,ptilleyoj@seesaa.net
134f58d2-65c6-493f-a033-1335602a54ca,Callida0,Newstead0,cnewsteadok@t-online.de
73743143-e020-4026-b16d-a1f10a929fc8,Ricky0,Heinz0,rheinzol@hatena.ne.jp
dc3918ec-c6a5-420b-8ae5-ee4ee84b9dc1,Marilin0,Allberry0,mallberryom@printfriendly.com
8c217a6a-429f-4413-a31c-73af8ee4c1d1,Carmel0,Assinder0,cassinderon@npr.org
9637531c-0425-4955-93f4-daf982bead7c,Blondy0,Snoding0,bsnodingoo@a8.net
a936a0c7-a6e9-4f87-adbc-01ea21f0943c,Moira0,Matthiae0,mmatthiaeop@1688.com
6457adb9-4dd5-472f-bb02-2afe44cd3fa4,Amata0,Maskelyne0,amaskelyneoq@ed.gov
ce6da239-f5b2-4a81-94d3-c7dca31fd03e,Fran0,Coldbathe0,fcoldbatheor@chronoengine.com
eb8bfc9a-bb37-4011-a02c-e8ae058f4e5b,Lanie0,Powling0,lpowlingos@tripod.com
63e0e1c0-ec19-482c-a463-293b3d116a26,Dorey0,Barnicott0,dbarnicottot@amazon.co.uk
c65d13b3-0425-4534-88ac-7de2187f236a,Misti0,Crease0,mcreaseou@fastcompany.com
af1db867-6cc5-4d0d-8c43-467956e13d77,Beatriz0,Sanzio0,bsanzioov@forbes.com
00247277-157f-4b4d-a2f9-2b26f113d836,Ernesto0,Lough0,eloughow@ucla.edu
a6f8e451-d6bd-4ce5-8464-7ecdbf926fa0,Vick0,Maddrah0,vmaddrahox@usa.gov
932aea69-d72e-4e2f-a465-bb7a378b5624,Jeromy0,Matyashev0,jmatyashevoy@dmoz.org
c23e6110-af11-4207-844d-164717a5bb79,Ignatius0,Naper0,inaperoz@google.co.jp
18b7955a-0186-4826-8ec9-3d4cc7951e60,Jordain0,Rupp0,jruppp0@symantec.com
0b9ef25f-cb75-4c2f-8b16-9810110d3f42,Gerty0,Lob0,globp1@cloudflare.com
c089a145-e7e7-44b0-9cd7-0ba348ff92c7,Fons0,Scully0,fscullyp2@mapy.cz
37b601e8-60dc-470b-8730-19e9ab2681c3,Melisent0,Seifenmacher0,mseifenmacherp3@economist.com
4342954d-ca03-4832-b309-cfc2bec33401,Cameron0,Brainsby0,cbrainsbyp4@cdc.gov
b9256afc-f7c5-4650-b211-7fccd629778a,Devinne0,Hekkert0,dhekkertp5@joomla.org
4a3b97e4-d906-4e3d-9719-d725291cfe47,Josephine0,Spearman0,jspearmanp6@pen.io
71b64a40-e0ab-4f16-ba7c-d2a41aee2e91,Gray0,Shales0,gshalesp7@cornell.edu
e0b1532a-2fc7-4308-8311-4b919a3eae07,Odell0,Wibberley0,owibberleyp8@ovh.net
ce15ba6e-ceb6-482d-86b1-8b2ed0e4eb5a,Morton0,Baudon0,mbaudonp9@bigcartel.com
5d1f68ec-c179-4ae2-941a-e09daed38e6d,Aileen0,Leere0,aleerepa@ebay.com
5e1567b5-ff46-4bf8-8795-b883ca1deb11,Kass0,Wardroper0,kwardroperpb@nymag.com
92d1f9f3-708b-4fc0-9ebc-22b1cf7d7367,Reuben0,McFarlane0,rmcfarlanepc@economist.com
18239699-57dc-4ffa-af61-8e802df81915,Vite0,Kellart0,vkellartpd@mashable.com
bc1d6834-58dd-4a91-8a0a-7eeae4867802,Steward0,Richmont0,srichmontpe@seattletimes.com
cf08ee1e-0ae8-4d83-b838-15c5abe7a755,Kerstin0,Dunk0,kdunkpf@walmart.com
59b6d52c-e7a7-4961-924a-f2215ea104e7,Hilde0,Hacking0,hhackingpg@moonfruit.com
ae0dd830-fd3f-47c2-8b45-9dcb5ef46bc0,Dew0,Bennis0,dbennisph@blogger.com
da4e4500-4dc7-4151-a1ff-561748760963,Hendrik0,Teers0,hteerspi@unesco.org
2b744e7c-484f-48c0-8a57-696f0e6fb2f7,Adriane0,Beuscher0,abeuscherpj@goo.ne.jp
a7794d70-b4cf-487e-a57b-1c6dd54a8ed8,Betteann0,Sterricker0,bsterrickerpk@engadget.com
1c946aca-5971-4637-894b-e99a11852a91,Byrom0,Pyser0,bpyserpl@usa.gov
827039ac-e3d1-4c7b-a421-f6ecca1c4017,Staci0,De Vaan0,sdevaanpm@constantcontact.com
6fb52ad7-b5c9-4fb5-98c0-376cf8e6ba57,Charmaine0,Lennarde0,clennardepn@newyorker.com
fdc09656-884c-4b15-a34d-5d1ece00a0e3,Betty0,Nettleship0,bnettleshippo@ted.com
694d92b5-0751-4d90-993b-113057bbb6a9,Oswald0,Gleadhall0,ogleadhallpp@npr.org
dbadbf1d-ffbf-4119-9a9a-5b92545db460,Gertruda0,Bridges0,gbridgespq@is.gd
c1be9903-60ed-4cdc-b515-1892f9aa5d6f,Thacher0,Fields0,tfieldspr@nps.gov
3d3bd7f9-ef13-4162-ab31-1cffb0270e67,Elfrieda0,Olczyk0,eolczykps@com.com
aeff2eb6-b63e-4484-aba8-029019fab337,Jacinda0,Eves0,jevespt@ox.ac.uk
fdbf7a88-fdd5-48d2-96c5-2c2a9a845218,Jedd0,Massy0,jmassypu@nyu.edu
9481ad85-bb28-4f56-b9ff-1e1874acbe83,Beltran0,Downage0,bdownagepv@goo.ne.jp
70ec1f65-38d8-4dd7-98db-1455bf67ac95,Dav0,Bonhome0,dbonhomepw@nhs.uk
a6c15802-2fa2-4d04-863b-df3a2768b50b,Starlene0,Colyer0,scolyerpx@yahoo.co.jp
8e2dcef4-8c5c-4359-9e83-c5d415f33928,Melesa0,Skures0,mskurespy@smh.com.au
a888a8b0-d3f9-4fd7-b4c3-73ebf21a01aa,Lotta0,Blunt0,lbluntpz@posterous.com
efef2698-b73c-4fd4-bbb0-a4ff1324ccf5,Koralle0,Kilminster0,kkilminsterq0@marketwatch.com
e486d198-cda6-4838-9ae6-379986b5cac4,Jeannine0,Watts0,jwattsq1@nymag.com
e3b0ab16-fce8-4e44-9a9a-ff5aa78c1b5f,Ester0,Sprasen0,esprasenq2@ameblo.jp
ce142c75-c29a-4c1a-a402-0f98761199c3,Moishe0,Brundale0,mbrundaleq3@reverbnation.com
fbec925f-448f-416b-b857-e3a7b815b0d4,Adelind0,Durbin0,adurbinq4@wired.com
5b0e07d6-8ec2-42ac-92c7-dad341b95fdf,Madella0,Kochs0,mkochsq5@mlb.com
a69fb774-7b09-43b2-bcd0-6892763c826f,Moria0,Yes0,myesq6@ask.com
a5e94262-b7e3-4693-a456-2a3902d65568,Even0,Brecknock0,ebrecknockq7@samsung.com
ac1bd896-18f4-488b-86ab-862bad172209,Gerladina0,Dobrowlski0,gdobrowlskiq8@photobucket.com
27478c7e-d251-4055-856a-c03e064b871e,Dore0,Kleinmann0,dkleinmannq9@china.com.cn
2e99450b-0522-4318-b4f9-248503ebb7d2,Leigha0,Golston0,lgolstonqa@nih.gov
f3d43fd7-ce4e-467f-829e-782c7a75d6d0,Tana0,Messent0,tmessentqb@berkeley.edu
ad9c4b17-9727-412a-86d9-5ea631d85c72,Delora0,Dagnan0,ddagnanqc@nhs.uk
09fdea71-50a9-416f-aaa1-16e2b23b8a71,Valina0,Ower0,vowerqd@com.com
225b070f-274e-4ce6-a604-87b3eff9d775,Jamaal0,Leavold0,jleavoldqe@vimeo.com
6dc7f96e-7606-46c4-b3f0-b6f8ab1a8130,Dannie0,Ellit0,dellitqf@usgs.gov
bb690ae4-0d11-4578-9e5d-2be68b7a6179,Judie0,Boman0,jbomanqg@trellian.com
854cac07-d06a-4874-8952-3a2f1204fc7c,Ingunna0,Acedo0,iacedoqh@cdbaby.com
f4f4004d-bc2e-490e-8583-d8c5783ac882,Trstram0,Ollis0,tollisqi@abc.net.au
56bc1c0d-4e09-4a98-814e-73914920eb52,Cary0,Furse0,cfurseqj@twitter.com
c26fb274-4446-4ddb-83da-387c74aec123,Averyl0,Grelik0,agrelikqk@google.it
d888b338-87bf-4aec-a2c4-20a893e04008,Zedekiah0,McKilroe0,zmckilroeql@dedecms.com
05befa88-fb1c-45dc-a5b2-fb31c212f8bb,Field0,Aust0,faustqm@xing.com
d8ad2a0d-5a47-4f27-ab59-47d281895aa9,Gustave0,Grisley0,ggrisleyqn@theglobeandmail.com
edd03b3b-634f-4381-835c-876fc3194b54,Daryl0,Vidler0,dvidlerqo@google.pl
ae04a6db-5eeb-4ec2-8ddf-ad46c0261e56,Ransell0,Faccini0,rfacciniqp@businessweek.com
aee792a7-afc4-4dc8-9f27-01c26f618a53,Diannne0,Fludgate0,dfludgateqq@constantcontact.com
8e11c165-5a18-4456-8182-6bab2f41f713,Ulysses0,Ickowicz0,uickowiczqr@myspace.com
d0652d9c-d6ea-4f2a-bdad-e51e4de03912,Beatrice0,Gauson0,bgausonqs@bloomberg.com
2e5881cb-3d20-42c8-86a7-4a0b9876e5bb,De0,Fredson0,dfredsonqt@paginegialle.it
b2069ac0-13bd-428a-ba2b-65f3b242fff5,Marj0,Perkin0,mperkinqu@dmoz.org
1519b3af-70d4-41ff-b822-d1befa63b1a6,Artemas0,Dunne0,adunneqv@hibu.com
21fc20a5-74d6-49c6-b36a-31e3f5459c17,Crissie0,Stelle0,cstelleqw@soup.io
f6b4ecf4-0de3-4995-b14d-ee12e2cf5913,Katleen0,Micheu0,kmicheuqx@goo.gl
de0e9afc-6f82-4e89-bfd9-601d3922263e,Bayard0,Webling0,bweblingqy@spotify.com
34475141-b54e-4ffd-8100-2ca1777b893c,Calv0,De Lascy0,cdelascyqz@photobucket.com
ea4cbd48-7ef8-47a7-923a-4e283967b07c,Cortie0,Mehaffey0,cmehaffeyr0@youtu.be
a2ed945f-9ca7-4790-b541-113e1a1c4a02,Jillayne0,Gherardesci0,jgherardescir1@imgur.com
807f8319-0ab5-44d9-9649-2d55b6e69d14,Keene0,Segge0,ksegger2@samsung.com
1b737349-9d4d-4c10-8adc-012522b59972,Lolly0,Swede0,lsweder3@shop-pro.jp
bc2ffd61-479f-41ce-9334-f5691eaec6f4,Anthiathia0,Gummoe0,agummoer4@ca.gov
a9a2187f-7280-4541-bd0a-427389918248,Pauline0,Blinde0,pblinder5@alibaba.com
802b2179-c388-4cd5-b5e8-de0031564122,Gillian0,Meates0,gmeatesr6@phpbb.com
99797000-5f56-4e0a-ac7a-38bad18ced83,Thorstein0,Wistance0,twistancer7@hc360.com
60531db1-ee20-464f-a6ab-f39f228346e2,Chickie0,Penhallurick0,cpenhallurickr8@princeton.edu
9e697fe9-d701-4097-96c1-45a06eef3ba5,Alexandra0,Matthewman0,amatthewmanr9@pagesperso-orange.fr
fd5e105c-38a5-440c-aa3c-151751aa5ed0,Raychel0,Rowena0,rrowenara@friendfeed.com
8567d87f-b708-468b-af14-f61f8282ec69,Kirby0,Drohane0,kdrohanerb@bluehost.com
5bb26316-b4ab-4ea5-a7cd-0ea229507a9b,Shellie0,Sallis0,ssallisrc@shinystat.com
be301b4c-2cba-45d5-b63a-c3ce6201b53a,Danny0,Harm0,dharmrd@forbes.com
907ab5f1-abb8-4a92-bbae-9a57a49ead08,Dyanna0,Byers0,dbyersre@harvard.edu
4c075102-11aa-481d-b05c-b122f8dc5b43,Mirabel0,Duffree0,mduffreerf@last.fm
0c815114-67d3-4a3e-96e1-72ac8f751c4d,Yvor0,Luther0,ylutherrg@xing.com
b2a5c77e-7e71-4f18-bf6a-c6e8a14816a2,Emeline0,Pherps0,epherpsrh@nhs.uk
da917eea-2d31-4efd-a0a4-a6dced3a004e,Johan0,Pullan0,jpullanri@springer.com
2de435f7-bac7-45f2-92f3-f5317ee83057,Tiphani0,Feltham0,tfelthamrj@w3.org
dfd7a6ae-d2c2-4712-87f4-19110160b448,Bonni0,Upstell0,bupstellrk@arizona.edu
2f1057a8-0c15-4af4-85cf-a531dc51a6ed,Angelle0,Warrener0,awarrenerrl@google.com.br
1c55c529-ea90-4935-aa4f-6682f24f2f1b,Duane0,Sherburn0,dsherburnrm@geocities.com
cf96fead-a51a-4e80-b336-8876d387e0de,Izzy0,Morrissey0,imorrisseyrn@cbslocal.com
5c325905-dc54-4733-a9a3-107033506e54,Sayre0,Downse0,sdownsero@bloglines.com
0bd7a6a2-3eb3-4390-8fb5-304a230befae,Israel0,Pilsbury0,ipilsburyrp@yandex.ru
2f38a006-be0b-4f1c-8e1a-a979bf6d6c09,Laure0,Memmory0,lmemmoryrq@tripadvisor.com
97daddcf-5395-485f-a43a-67352c4d3273,Haskell0,Bimrose0,hbimroserr@cnet.com
